ino,id,info,name,price
1,1001,"이동 속도  25",장화,300
2,1004,"기본 마나 재생  50%","요정의 부적",250
3,1006,"기본 체력 재생  50%","원기 회복의 구슬",150
4,1011,"체력  350","거인의 허리띠",900
5,1018,"치명타 확률  15%","민첩성의 망토",600
6,1026,"주문력  40","방출의 마법봉",850
7,1027,"마나  250","사파이어 수정",350
8,1028,"체력  150","루비 수정",400
9,1029,"방어력  15","천 갑옷",300
10,1031,"방어력  40","쇠사슬 조끼",800
11,1033,"마법 저항력  25","마법무효화의 망토",450
12,1035,"몬스터 대상 모든 피해 흡혈 10%불태우기: 몬스터에게 피해를 입히면 5초 동안 불태워 60+주문력의 30%+추가 공격력의 5%+추가 체력의 2%의 마법 피해를 입힙니다.승부의 길: 강타를 5회 사용하면 이 아이템을 소모해 강타를 승부의 강타로 업그레이드합니다. 승부의 강타는 4초 동안 챔피언에게 표식을 남깁니다. 표식이 있는 동안 대상에게 적중 시 2.5초에 걸쳐 48~125(레벨에 비례)의 추가 고정 피해를 입히고, 대상으로부터 입는 피해량은 20% 감소합니다.사냥꾼: 대형 몬스터 처치 시 추가 경험치를 얻습니다.만회: 정글 또는 강에 있을 때 초당 8~18(레벨에 비례)의 마나를 회복합니다. 이 아이템을 소모하면 모든 아이템의 효과를 영구히 얻습니다. 정글 몬스터보다 미니언으로부터 더 많은 골드를 획득했다면, 미니언으로부터 얻는 골드와 경험치가 크게 감소합니다. 광역 공격 시에는 체력 회복 감소 효과가 적용되지 않습니다. ","잉걸불 칼",350
13,1036,"공격력  10",롱소드,350
14,1037,"공격력  25",곡괭이,875
15,1038,"공격력  40","B.F. 대검",1300
16,1039,"몬스터 대상 모든 피해 흡혈 10%불태우기: 몬스터에게 피해를 입히면 5초 동안 불태워 60+주문력의 30%+추가 공격력의 5%+추가 체력의 2%의 마법 피해를 입힙니다.차가운 길: 강타를 5회 사용하면 이 아이템을 소모해 강타를 혹한의 강타로 업그레이드합니다. 혹한의 강타를 챔피언에게 사용하면 20~156(레벨에 비례)의 고정 피해를 입히고 2초 동안 이동 속도를 20% 훔칩니다.사냥꾼: 대형 몬스터 처치 시 추가 경험치를 얻습니다.만회: 정글 또는 강에 있을 때 초당 8~18(레벨에 비례)의 마나를 회복합니다. 이 아이템을 소모하면 모든 아이템의 효과를 영구히 얻습니다. 정글 몬스터보다 미니언으로부터 더 많은 골드를 획득했다면, 미니언으로부터 얻는 골드와 경험치가 크게 감소합니다. 광역 공격 시에는 체력 회복 감소 효과가 적용되지 않습니다. ",빗발칼날,350
17,1042,"공격 속도  12%",단검,300
18,1043,"공격 속도  25%강철 촉: 기본 공격 시 15의 물리 피해(적중 시 )를 입힙니다.",곡궁,1000
19,1052,"주문력  20","증폭의 고서",435
20,1053,"공격력  15생명력 흡수  10%","흡혈의 낫",900
21,1054,"체력  80집중: 미니언에게 기본 공격 시 5의 물리 피해를 추가로 입힙니다.회복: 5초마다 체력을 6 회복합니다.견디기: 챔피언, 대형 정글 몬스터, 에픽 정글 몬스터에게 피해를 입으면 8초 동안 최대 40의 체력을 회복합니다. 회복량은 체력이 낮을수록 증가합니다.견디기  원거리 챔피언이 보유하거나 광역 또는 지속 피해를 입었을 때 기본 회복량의 66%만큼 회복합니다.","도란의 방패",450
22,1055,"공격력  8체력  80전쟁광: 2.5%의 모든 피해 흡혈을 얻습니다.광역 피해를 입히거나 소환물을 통해 피해를 입힐 때는 모든 피해 흡혈이 33%로 감소합니다.","도란의 검",450
23,1056,"주문력  15체력  70집중: 미니언에게 기본 공격 시 5의 물리 피해를 추가로 입힙니다. 흡수: 미니언을 처치하면 6의 마나를 회복하며, 마나를 회복할 수 없을 때에는 대신 3의 체력을 회복합니다.","도란의 반지",400
24,1057,"마법 저항력  50","음전자 망토",900
25,1058,"주문력  60","쓸데없이 큰 지팡이",1250
26,1082,"주문력  15체력  40영광: 적 챔피언을 처치할 때마다 중첩 2회, 어시스트를 올릴 때마다 중첩 1회가 쌓입니다. 최대 10회까지 쌓을 수 있으며 사망 시 중첩 4회가 사라집니다.두려움: 영광 중첩 하나당 주문력을 5 얻습니다.획득한 영광 중첩은 이 아이템과 메자이의 영혼약탈자에 모두 적용됩니다.","암흑의 인장",350
27,1083,"공격력  7기본 공격 적중 시 체력을 3 회복합니다.수확: 공격로 미니언 처치 시 추가로 1골드를 얻습니다. 공격로 미니언을 총 100회 처치하면 즉시 350의 추가 골드를 얻고 수확 효과가 비활성화됩니다.","수확의 낫",450
28,2003," 사용 시 - 소모: 15초에 걸쳐 150의 체력을 회복합니다.최대로 보유할 수 있는 체력 물약 수는 5개입니다.","체력 물약",50
29,2010," 사용 시 - 소모: 5초에 걸쳐 잃은 체력과 마나의 10%를 회복합니다. 비스킷을 먹거나 팔면 영구히 최대 마나가 50 증가합니다. ","굳건한 의지의 완전한 비스킷",75
30,2015,"공격 속도  15%충전 상태: 이동하거나 공격하면 충전 상태로 공격할 수 있습니다.충격: 충전 상태로 공격 시 80의 마법 피해를 추가로 입힙니다.","키르히아이스의 파편",700
31,2031," 사용 시 - 소모: 충전량을 1회 소모해 12초 동안 125의 체력을 회복합니다. 충전량은 최대 2회이며 상점 방문 시 다시 채워집니다.","충전형 물약",150
32,2033," 사용 시 - 소모: 충전량을 1회 소모해 12초 동안 125의 체력과 75의 마나를 회복합니다. 회복되는 동안 적 챔피언에게 기본 공격 및 스킬 사용 시 적을 불태워 3초 동안 15(마나를 회복할 수 없을 때에는 20)의 마법 피해를 입힙니다. 충전량은 최대 3회이며 상점 방문 시 다시 채워집니다.광역 또는 지속 피해로 발동된 부패 피해는 피해량이 50%로 감소됩니다.","부패 물약",500
33,2051,"체력  150회복: 5초마다 체력을 20 회복합니다.불굴의 의지: 적 챔피언의 기본 공격과 스킬 공격 피해량을 15만큼 막아줍니다. (지속 피해 스킬의 경우 25%의 효과)전설급: 이 아이템은 전설급 아이템으로 간주됩니다.","수호자의 뿔피리",950
34,2052,,"포로 간식",0
35,2055," 사용 시 - 소모: 주변 지역을 드러내 주는 강력한 제어 와드를 설치합니다. 근처의 투명한 덫과 위장 중인 적을 드러내고 적의 투명 와드를 감지해 무력화합니다. 최대 2개의 제어 와드를 소지할 수 있습니다. 제어 와드로 다른 제어 와드를 무력화시킬 수 없습니다.","제어 와드",75
36,2065,"체력  350스킬 가속  20이동 속도  5%기본 마나 재생  50% 사용 시 - 고무: 자신과 주변 아군의 이동 속도를 40% 상승시킵니다. 이동 속도는 4초에 걸쳐 원래대로 돌아옵니다. 또한 챔피언에게 가하는 아군 챔피언의 다음 3회의 기본 공격 또는 스킬이 40~60(아군 레벨에 비례)의 추가 마법 피해를 입힙니다. (재사용 대기시간 90초)신화급 기본 지속 효과: 다른 모든 전설급 아이템에 이동 속도  2.5%레벨 비례 효과는 아군의 레벨에 따라 상승합니다.","슈렐리아의 군가",2700
37,2138," 사용 시 - 소모: 3분 동안 체력이 300, 강인함이 25% 증가하고, 챔피언이 거대해집니다. 이 효과가 활성화된 동안 이동하면 길이 생겨 그 위의 아군 챔피언들은 이동 속도가 15% 상승합니다.다른 종류의 영약을 마시면 기존 영약의 효과가 사라집니다.","강철의 영약",500
38,2139," 사용 시 - 소모: 3분 동안 주문력이 50, 마나 재생력이 15% 증가합니다. 활성화된 동안 챔피언이나 포탑에 피해를 입히면 25의 추가 고정 피해를 입힙니다. (재사용 대기시간 5초)9레벨 이상일 때만 구매할 수 있습니다. 마법의 영약 고정 피해 효과는 포탑을 공격할 때 재사용 대기시간이 없습니다. 다른 종류의 영약을 마시면 기존 영약의 효과가 사라집니다.","마법의 영약",500
39,2140," 사용 시 - 소모: 3분 동안 공격력이 30, 챔피언 대상 물리 피해 흡혈이 15% 증가합니다.다른 종류의 영약을 마시면 기존 영약의 효과가 사라집니다.","분노의 영약",500
40,2403," 사용 시 - 소모: 대상 공격로 미니언을 처치합니다. (10초 )","미니언 해체분석기",0
41,2419,"14분 후 초시계로 바뀝니다. 처치 관여 시 이 시간이 2분씩 감소합니다. 이 초시계는 상위 아이템을 구매할 때 250골드만큼 기여합니다.초시계의 원가는 650골드입니다.","초시계 키트",0
42,2420," 사용 시 - 경직: 1회에 한해 2.5초 동안 무적 및 대상으로 지정할 수 없는 상태가 되지만, 그동안 아무런 행동도 할 수 없습니다. 이후 망가진 초시계로 변합니다.",초시계,650
43,2421,"조각난 시간: 초시계가 망가졌지만, 업그레이드는 가능합니다.초시계를 하나 망가뜨린 후에는 상점에서 망가진 초시계만 살 수 있습니다.","망가진 초시계",650
44,2422,"이동 속도  25추가로 이동 속도가 10 상승합니다. 약간 신비한 장화로 만든 장화는 이 이동 속도 상승 효과가 유지됩니다.","약간 신비한 신발",300
45,2423," 사용 시 - 경직: 1회에 한해 2.5초 동안 무적 및 대상으로 지정할 수 없는 상태가 되지만, 그동안 아무런 행동도 할 수 없습니다. 이후 망가진 초시계로 변합니다.","완벽한 초시계",650
46,2424,"조각난 시간: 초시계가 망가졌지만, 업그레이드는 가능합니다.초시계를 하나 망가뜨린 후에는 상점에서 망가진 초시계만 살 수 있습니다.","망가진 초시계",650
47,3001,"체력  350마법 저항력  60파괴: 챔피언을 이동 불가 상태로 만들면 4초 동안 대상이 입는 피해가 10% 증가합니다. ","심연의 가면",2700
48,3003,"주문력  60마나  500경탄: 주문력을 추가 마나의 3%만큼 추가로 얻습니다.마나 충전: 대상에게 스킬을 적중시키면 중첩을 하나 소모해 3의 추가 마나를 얻습니다. (챔피언 대상으로는 두 배) 추가 마나가 450에 도달하면 대천사의 포옹으로 변합니다.마나 충전 중첩은 8초마다 1회씩 최대 4회까지 쌓입니다.","대천사의 지팡이",3000
49,3004,"공격력  35마나  500스킬 가속  15경탄: 공격력을 최대 마나의 2%만큼 추가로 얻습니다. 마나 충전: 대상에게 스킬 또는 기본 공격을 적중시키면 중첩을 하나 소모해 3의 추가 마나를 얻습니다. (챔피언 대상으로는 두 배로 적용됩니다.) 추가 마나가 450에 도달하면 무라마나로 변합니다.마나 충전 중첩은 8초마다 1회씩 최대 4회까지 쌓입니다.",마나무네,2600
50,3006,"공격 속도  35%이동 속도  45","광전사의 군화",1100
51,3009,"이동 속도  60이동 속도 둔화 효과가 25% 줄어듭니다.","신속의 장화",900
52,3011,"주문력  50스킬 가속  15기본 마나 재생  100%버섯 독소: 적 챔피언에게 마법 피해를 입히면 2초 동안 40%의 고통스러운 상처를 남깁니다. 챔피언을 이동 불가 상태로 만들면 60%의 고통스러운 상처를 남깁니다.고통스러운 상처는 치유 및 회복 효과를 감소시킵니다.","화학공학 부패기",2300
53,3020,"마법 관통력  18이동 속도  45","마법사의 신발",1100
54,3024,"방어력  20마나  250스킬 가속  10","얼음 방패",900
55,3026,"공격력  40방어력  40구원의 은총: 치명적인 피해를 입으면 4초 동안 경직에 걸린 다음 기본 체력의 50%, 최대 마나의 30%를 회복합니다. (재사용 대기시간 300초)","수호 천사",2800
56,3031,"공격력  70치명타 확률  20%완벽: 치명타 확률 20%당 치명타 피해량이 8% 증가합니다.","무한의 대검",3400
57,3033,"공격력  20공격 속도  25%치명타 확률  20%이동 속도  7%패혈증: 적 챔피언에게 물리 피해를 입히면 2초 동안 40%의 고통스러운 상처를 남깁니다. 적 챔피언에게 기본 공격을 연속으로 3회 가하면 지속시간 동안 대상 챔피언이 받는 고통스러운 상처 효과가 60%로 증가합니다.고통스러운 상처는 치유 및 회복 효과를 감소시킵니다.","필멸자의 운명",2700
58,3035,"공격력  20방어구 관통력  20%","최후의 속삭임",1450
59,3036,"공격력  30치명타 확률  20%방어구 관통력  25%거인 학살자: 자신보다 최대 체력이 높은 적 챔피언에게 최대 15%의 추가 물리 피해를 입힙니다.체력 차이가 2000 이상일 때 추가 피해량이 최대가 됩니다.","도미닉 경의 인사",2900
60,3040,"주문력  60마나  860경탄: 주문력을 추가 마나의 5%만큼 추가로 얻습니다.창공: 총 마나가 5%(+주문력 100당 2.5%) 증가합니다.","대천사의 포옹",3000
61,3041,"주문력  20체력  100영광: 적 챔피언을 처치할 때마다 중첩 4회, 어시스트를 올릴 때마다 중첩 2회가 쌓입니다. 최대 25회까지 쌓을 수 있으며 사망 시 중첩 10회가 사라집니다.두려움: 영광 중첩 하나당 주문력을 5 얻습니다. 10중첩 이상일 때 이동 속도가 10% 상승합니다.획득한 영광 중첩은 이 아이템과 암흑의 인장에 모두 적용됩니다.","메자이의 영혼약탈자",1600
62,3042,"공격력  35마나  860스킬 가속  15경탄: 공격력을 최대 마나의 2%만큼 추가로 얻습니다. 충격: 챔피언에게 스킬 또는 기본 공격(적중 시 )을 가하면 (최대 마나의 4%)에 해당하는 물리 피해를 추가로 입힙니다. ",무라마나,2600
63,3043,"공격력  35마나  860스킬 가속  15경탄: 공격력을 최대 마나의 2%만큼 추가로 얻습니다. 충격: 챔피언에게 스킬 또는 기본 공격(적중 시 )을 가하면 (최대 마나의 4%)에 해당하는 물리 피해를 추가로 입힙니다. ",무라마나,2600
64,3044,"공격력  15체력  200완강: 챔피언에게 물리 피해를 입히면 6초 동안 최대 체력의 2%만큼 회복합니다. 원거리 챔피언의 경우 회복량이 50%로 감소합니다.","탐식의 망치",1100
65,3046,"공격 속도  40%치명타 확률  20%이동 속도  7%망령의 왈츠: 기본 공격을 가하면 유령 상태가 되어 3초 동안 이동 속도가 7% 상승합니다. 또한 기본 공격을 5회 가하면 망령의 왈츠 효과가 공격 속도를 40% 상승시킵니다.유령 상태인 유닛은 다른 유닛과 충돌하지 않습니다.","유령 무희",2700
66,3047,"방어력  20이동 속도  45기본 공격으로 받는 피해량이 12% 감소합니다.","판금 장화",1100
67,3048,"주문력  60마나  860경탄: 주문력을 추가 마나의 5%만큼 추가로 얻습니다.창공: 총 마나가 5%(+주문력 100당 2.5%) 증가합니다.","대천사의 포옹",3000
68,3050,"체력  300방어력  30마나  250스킬 가속  20 사용 시 - 전도체: 한 명을 동료로 지정합니다. (재사용 대기시간 60초)융합: 적을 이동 불가 상태로 만들면 4초 동안 동료의 기본 공격(적중 시 )과 스킬이 해당 적에게 25~50(레벨에 비례)+체력의 1.5%+주문력의 7.5%에 해당하는 마법 피해를 추가로 입힙니다.지크의 융합 결속은 한 번에 하나만 가능합니다.","지크의 융합",2400
69,3051,"공격력  15공격 속도  15%민첩: 유닛을 공격하면 2초 동안 이동 속도가 (20 | 원거리 챔피언의 경우 10) 상승합니다.","온기가 필요한 자의 도끼",1100
70,3053,"공격력  50체력  400피의 갈망: 챔피언에게 피해를 입히거나 받으면 중첩을 1회 얻어 6초 동안 최대 체력의 2% | 원거리 챔피언의 경우 최대 체력의 1.2%만큼 회복합니다. 생명선: 체력이 30% 밑으로 떨어질 만큼 피해를 입으면 5초 동안 200+피의 갈망 중첩당 (최대 체력의 8% | 원거리 챔피언의 경우 4.8%)에 해당하는 피해를 흡수하는 보호막을 얻습니다. (재사용 대기시간 60초)피의 갈망은 챔피언당 하나씩 최대 5회까지 중첩되며  원거리 챔피언의 경우 회복량 및 추가 보호막 흡수량이 60%로 감소합니다.","스테락의 도전",3100
71,3057,"주문 검: 스킬을 사용하고 나면 다음 기본 공격 시 기본 공격력의 100%에 해당하는 물리 피해를 추가로 입힙니다. (재사용 대기시간 1.5초) ","광휘의 검",700
72,3065,"체력  450마법 저항력  40스킬 가속  10기본 체력 재생  100%무한한 활력: 자신이 받는 모든 체력 회복 및 보호막 효과가 25% 증가합니다.","정령의 형상",2900
73,3066,"체력  150비행: 이동 속도가 5% 상승합니다.","비상의 월갑",800
74,3067,"체력  200스킬 가속  10",점화석,800
75,3068,"체력  450방어력  30마법 저항력  30스킬 가속  15불사르기: 피해를 받거나 입히면 주변 적들에게 3초 동안 초당 20~40(레벨에 비례)+추가 체력의 1%에 해당하는 마법 피해를 입힙니다. (미니언 대상 25%, 몬스터 대상 150% 증가) 챔피언이나 에픽 몬스터에게 이 효과로 피해를 입히면 중첩이 1회 쌓여 다음 불사르기 피해량이 5초 동안 12% 증가합니다. (최대 6회 중첩)불의 손길: 불사르기 중첩이 최대가 되면 기본 공격 시 주변 적들을 불태워 3초 동안 불사르기 피해를 입힙니다.신화급 기본 지속 효과: 다른 모든 전설급 아이템에 스킬 가속  5","태양불꽃 방패",3200
76,3070,"마나  240집중: 미니언에게 기본 공격 시 5의 물리 피해를 추가로 입힙니다.마나 충전: 대상에게 스킬을 적중시키면 중첩을 하나 소모해 3의 추가 마나를 얻습니다. 챔피언 대상으로는 두 배로 적용됩니다. 최대 450까지 얻을 수 있습니다.마나 충전 중첩은 8초마다 1회씩 최대 4회까지 쌓입니다. ","여신의 눈물",400
77,3071,"공격력  40체력  300스킬 가속  25깎아내기: 챔피언에게 물리 피해를 가하면 6초 동안 방어력을 4% 감소시키는 중첩을 1회 적용합니다. (최대 방어력 24% 감소)도살자: 깎아내기 중첩이 최대인 적에게 스킬이나 기본 공격으로 피해(적중 시 )를 입히면 잃은 체력의 5%에 해당하는 물리 피해를 추가로 입힙니다. 지속 피해는 40%의 도살자 피해를 입힙니다. (재사용 대기시간 0.5초)","칠흑의 양날 도끼",3300
78,3072,"공격력  55치명타 확률  20%생명력 흡수  20%영액의 보호막: 기본 공격으로 최대 체력 이상 생명력 흡수가 가능합니다. 체력 회복 초과분은 50~350(레벨에 비례)의 피해를 흡수하는 보호막으로 전환되며 25초간 피해를 주거나 입지 않으면 서서히 사라집니다.",피바라기,3400
79,3074,"공격력  65스킬 가속  20모든 피해 흡혈  15%쪼개기: 기본 공격과 스킬 적중 시 대상 주변 적들에게 공격력의 60%에 해당하는 물리 피해를 입힙니다.범위 끝의 유닛들은 공격력의 12%에 해당하는 피해만 입으며, 기본 공격 또는 스킬당 하나의 대상에게만 발동됩니다. 또한 지속 피해를 적용하지 않습니다.","굶주린 히드라",3300
80,3075,"체력  350방어력  60가시: 기본 공격에 맞으면 공격한 적에게 10+추가 방어력의 10%에 해당하는 마법 피해를 입히고, 대상이 챔피언일 경우 2초 동안 40%의 고통스러운 상처를 남깁니다. 적 챔피언을 이동 불가 상태로 만들면 2초 동안 60%의 고통스러운 상처를 남깁니다.고통스러운 상처는 치유 및 회복 효과를 감소시킵니다.","가시 갑옷",2700
81,3076,"방어력  35가시: 기본 공격에 맞으면 공격한 적에게 3+추가 방어력의 10%에 해당하는 마법 피해를 입히고, 대상이 챔피언일 경우 2초 동안 40%의 고통스러운 상처를 남깁니다.고통스러운 상처는 치유 및 회복 효과를 감소시킵니다.","덤불 조끼",800
82,3077,"공격력  25쪼개기: 기본 공격 시 주변 적들에게 최대 공격력의 60%에 해당하는 물리 피해를 입힙니다. 최대 거리에 있는 적에게는 공격력의 12%에 해당하는 피해만 입힙니다.",티아맷,1200
83,3078,"공격력  35공격 속도  35%체력  200스킬 가속  10삼중 공격: 기본 공격 시 3초 동안 이동 속도가 25 상승합니다. 대상이 챔피언이면 추가로 3초 동안 기본 공격력이 6% 증가하며, 최대 5회 중첩됩니다. (최대 추가 공격력: 30%)주문 검: 스킬을 사용하고 나면 다음 기본 공격 시 기본 공격력의 200%에 해당하는 물리 피해를 추가로 입힙니다. (재사용 대기시간 1.5초) 신화급 기본 지속 효과: 다른 모든 전설급 아이템에 공격 속도  10",삼위일체,3333
84,3082,"방어력  40견고: 기본 공격으로 받는 피해량이 최대 체력의 0.5%까지 감소합니다. 이 수치는 피해량의 40%를 넘을 수 없습니다.","파수꾼의 갑옷",1000
85,3083,"체력  800스킬 가속  10기본 체력 재생  200%워모그의 심장: 최대 체력이 3000 이상일 때, 6초 동안 피해를 입지 않으면 초당 최대 체력의 5%만큼 회복합니다. (챔피언이 아닌 대상에게는 3초)","워모그의 갑옷",3000
86,3085,"공격력  25공격 속도  40%치명타 확률  20%이동 속도  7%바람의 분노: 기본 공격 시 대상 주변 최대 2명의 적에게 작은 탄환을 발사하여, 각각 공격력의 40~70%()에 해당하는 물리 피해를 입힙니다. 이 탄환에는 치명타 및 적중 시 효과가 적용됩니다. 원거리 챔피언 전용 아이템입니다.","루난의 허리케인",3400
87,3086,"공격 속도  18%치명타 확률  15%열광: 이동 속도가 7% 상승합니다.","열정의 검",1200
88,3089,"주문력  120신비한 작품: 총 주문력이 35% 증가합니다.","라바돈의 죽음모자",3800
89,3091,"공격력  30공격 속도  40%마법 저항력  50난투: 기본 공격 시 15~80(레벨에 비례)의 마법 피해(적중 시 )를 입히고 2초 동안 이동 속도가 20 상승합니다.","마법사의 최후",3100
90,3094,"공격 속도  35%치명타 확률  20%이동 속도  7%충전 상태: 이동하거나 공격하면 충전 상태로 공격할 수 있습니다.저격수: 충전 상태로 공격 시 120의 추가 마법 피해를 입히며 사거리가 35% 증가합니다.사거리는 최대 150까지만 증가할 수 있습니다.","고속 연사포",2700
91,3095,"공격력  40공격 속도  15%치명타 확률  20%충전 상태: 이동하거나 공격하면 충전 상태로 공격할 수 있습니다.마비: 충전 상태로 공격 시 120의 추가 마법 피해를 입힙니다. 충전 효과로 0.5초 동안 적을 75% 둔화시킵니다.",폭풍갈퀴,2700
92,3100,"주문력  80이동 속도  10%주문 검: 스킬을 사용하고 나면 다음 기본 공격 시 기본 공격력의 150%+주문력의 60%에 해당하는 마법 피해를 추가로 입힙니다. (재사용 대기시간 2.5초)",리치베인,3000
93,3102,"주문력  65마법 저항력  45스킬 가속  10무효화: 적의 다음 스킬을 막아 주는 주문 방어막을 생성합니다. (재사용 대기시간 40초)효과가 다시 활성화되기 전에 챔피언으로부터 피해를 입으면 재사용 대기시간이 초기화됩니다.","밴시의 장막",2500
94,3105,"방어력  30마법 저항력  30스킬 가속  10","군단의 방패",1500
95,3107,"체력 회복 및 보호막  20%체력  200스킬 가속  15기본 마나 재생  100% 사용 시 - 중재: 5500 거리 안의 위치를 지정합니다. 2.5초 후 빛을 한 줄기 불러와 아군의 체력을 180~360(아군 레벨에 비례)만큼 회복시키고 적 챔피언에게 최대 체력의 10%에 해당하는 고정 피해를 입힙니다. (재사용 대기시간 120초)죽은 상태로도 사용할 수 있습니다. 대상이 최근 다른 챔피언의 중재 효과를 받은 경우 효과가 50% 감소합니다. 레벨 비례 효과는 아군의 레벨에 따라 상승합니다.",구원,2300
96,3108,"주문력  35스킬 가속  10","악마의 마법서",900
97,3109,"체력  400스킬 가속  10기본 체력 재생  300% 사용 시 - 맹세: 보호할 아군을 대상으로 지정합니다. (재사용 대기시간 60초)희생: 보호 중인 아군이 근처에 있으면 아군이 입는 피해량의 15%를 대신 입습니다. 해당 아군의 체력이 50% 이하라면 아군에게 접근할 때 이동 속도가 35% 상승합니다.한 번에 한 명의 챔피언만 기사의 맹세로 연결될 수 있습니다. 자신의 체력이 30% 아래로 떨어지면 피해를 대신 입지 않습니다.","기사의 맹세",2300
98,3110,"방어력  80마나  400스킬 가속  20혹한의 포옹: 주변 적의 공격 속도를 15%만큼 감소시킵니다.견고: 기본 공격으로 받는 피해량이 최대 체력의 0.5%까지 감소합니다. 이 수치는 피해량의 40%를 넘을 수 없습니다.","얼어붙은 심장",2700
99,3111,"마법 저항력  25이동 속도  45강인함  30%강인함이 증가해 기절, 둔화, 도발, 공포, 침묵, 실명, 변이 및 이동 불가 효과의 지속시간이 감소합니다. 공중에 뜨거나 제압 당했을 때는 효과가 없습니다.","헤르메스의 발걸음",1100
100,3112,"주문력  40체력  150회복: 5초마다 10의 마나를 회복합니다. 마나를 획득할 수 없으면 15의 체력을 회복합니다.전설급: 이 아이템은 전설급 아이템으로 간주됩니다.","수호자의 보주",950
101,3113,"주문력  30활공: 이동 속도가 5% 상승합니다.","에테르 환영",850
102,3114,"체력 회복 및 보호막  10%기본 마나 재생  50%","금지된 우상",800
103,3115,"주문력  100공격 속도  50%이케시아의 이빨: 기본 공격 시 15+주문력의 25%에 해당하는 마법 피해(적중 시 )를 입힙니다.","내셔의 이빨",3000
104,3116,"주문력  90체력  350서리: 스킬로 적에게 피해를 입히면 1초 동안 30% 둔화시킵니다.","라일라이의 수정홀",3000
105,3117,"이동 속도  25 5초 동안 전투에서 벗어나 있으면 이동 속도가  115 상승합니다.","기동력의 장화",1000
106,3123,"공격력  15뽑아 찢기: 챔피언에게 물리 피해를 입히면 2초 동안 40%의 고통스러운 상처를 남깁니다. 고통스러운 상처는 치유 및 회복 효과를 감소시킵니다.","처형인의 대검",800
107,3124,"공격 속도  40%치명타 확률  20%분노: 기본 공격 시 치명타 확률 20%당 50의 물리 피해(적중 시 )를 입힙니다. 치명타는 적용되지 않습니다.들끓는 일격: 세 번째 기본 공격을 가할 때마다 적중 시 효과가 두 번 적용됩니다.","구인수의 격노검",2800
108,3133,"공격력  25스킬 가속  10","콜필드의 전투 망치",1100
109,3134,"공격력  30도려내기: 물리 관통력이 10 증가합니다.","톱날 단검",1100
110,3135,"주문력  65마법 관통력  40%","공허의 지팡이",2500
111,3139,"공격력  30치명타 확률  20%마법 저항력  30 사용 시 - 수은: 챔피언에 걸린 모든 군중 제어 효과(공중에 띄우기 제외)를 제거하고, 1초 동안 이동 속도가 50% 상승합니다. (재사용 대기시간 90초)","헤르메스의 시미터",2900
112,3140,"마법 저항력  30 사용 시 - 수은: 모든 군중 제어 효과(공중에 띄우기 제외)가 제거됩니다. (재사용 대기시간 90초)","수은 장식띠",1300
113,3142,"공격력  60물리 관통력  18 사용 시 - 출몰: 6초 동안 이동 속도가 20% 상승하고 유령 상태가 됩니다. (재사용 대기시간 45초)방랑하는 칼날: 전투에서 벗어나 있을 때 이동 속도가 40 상승합니다.유령 상태인 유닛은 다른 유닛과 충돌하지 않습니다..","요우무의 유령검",3000
114,3143,"체력  250방어력  80스킬 가속  10 사용 시: 억제: 근처 적들을 잠깐 둔화하고 4초 동안 공격력을 10%, 치명타 피해량을 20% 감소시킵니다. (재사용 대기시간 60초)견고: 기본 공격으로 받는 피해량이 최대 체력의 0.5%까지 감소합니다. 이 수치는 피해량의 40%를 넘을 수 없습니다.","란두인의 예언",2700
115,3145,"주문력  40자극: 챔피언에게 피해를 입히면 50~125(레벨에 비례)의 마법 피해를 추가로 입힙니다. (재사용 대기시간 40초)","마법공학 교류 발전기",1050
116,3152,"주문력  80체력  250스킬 가속  15 사용 시 - 마공학 탄환: 지정 방향으로 돌진하며 부채꼴 모양으로 200~300(레벨에 비례)+주문력의 15%에 해당하는 마법 피해를 입히는 마법 탄환을 발사합니다. 그리고 2초 동안 적 챔피언 방향으로 이동할 때 이동 속도가 50% 상승합니다. (재사용 대기시간 40초)신화급 기본 지속 효과: 다른 모든 전설급 아이템에 마법 관통력  5초음속 돌진으로 지형은 통과할 수 없습니다.","마법공학 로켓 벨트",3200
117,3153,"공격력  40공격 속도  25%생명력 흡수  12%안개의 검: 기본 공격 시 근접 챔피언의 경우 대상 현재 체력의 10% | 원거리 챔피언의 경우 6%에 해당하는 물리 피해(적중 시 )를 입힙니다. 흡수: 챔피언에게 3회 기본 공격을 가하면 40~150(레벨에 비례)의 마법 피해를 입히고 2초 동안 이동 속도를 25% 훔칩니다. (재사용 대기시간 20초)안개의 검은 몬스터 및 미니언에게 최대 60의 피해를 입힙니다.아이템 성능은 근접 챔피언의 경우 , 원거리 챔피언의 경우 로 적용됩니다.","몰락한 왕의 검",3200
118,3155,"공격력  20마법 저항력  35생명선: 마법 피해를 받아 체력이 30% 이하가 될 경우 3초 동안 110~280(레벨에 비례)의 마법 피해를 흡수하는 보호막을 얻습니다. (재사용 대기시간 90초)",주문포식자,1300
119,3156,"공격력  50마법 저항력  50스킬 가속  15생명선: 마법 피해를 받아 체력이 30% 이하가 될 경우 5초 동안 200+최대 체력의 20%에 해당하는 마법 피해를 흡수하는 보호막을 얻습니다. (재사용 대기시간 60초)","맬모셔스의 아귀",3100
120,3157,"주문력  65방어력  45스킬 가속  10 사용 시 - 경직: 2.5초 동안 무적 및 대상으로 지정할 수 없는 상태가 되지만, 그동안 아무런 행동도 할 수 없습니다. (재사용 대기시간 120초)","존야의 모래시계",2500
121,3158,"스킬 가속  15이동 속도  45소환사 주문 가속이 10% 증가합니다.''CLE 20년 12월 10일 남부 지방의 패권을 두고 벌어진 녹서스와의 재경합에서 아이오니아의 승리를 기념하는 헌정 아이템입니다.''","명석함의 아이오니아 장화",900
122,3165,"주문력  70체력  250괴로움: 적 챔피언에게 마법 피해를 입히면 2초 동안 40%의 고통스러운 상처 를 남깁니다. 대상의 체력이 50% 이하라면 고통스러운 상처의 효과가 60%로 증가합니다.고통스러운 상처는 치유 및 회복 효과를 감소시킵니다.",모렐로노미콘,2500
123,3177,"공격력  30체력  150스킬 가속  15전설급: 이 아이템은 전설급 아이템으로 간주됩니다.","수호자의 검",950
124,3179,"공격력  55물리 관통력  12스킬 가속  15암전: 적 와드에 발각되면 8초간 암전을 일으켜 근처의 투명한 덫과 와드를 드러내고, 추가로 와드를 무력화시킵니다. (재사용 대기시간 45초) 모습이 드러난 덫은 기본 공격 시 즉시 파괴되며 와드는 세 배의 피해를 입습니다.","그림자 검",2800
125,3181,"공격력  50물리 관통력  10물리 흡혈  12광란: 시야에 들어온 근처 적 챔피언이 하나 이하면 물리 관통력이 8, 공격 속도가 20%~80% 증가합니다. 다른 적 챔피언들과 너무 가까워지면 3초에 걸쳐 원래대로 돌아옵니다.","핏빛 칼날",3000
126,3184,"공격력  25체력  150생명력 흡수  10%전설급: 이 아이템은 전설급 아이템으로 간주됩니다.","수호자의 망치",950
127,3190,"체력  200스킬 가속  20방어력  30마법 저항력  30 사용 시 - 헌신: 주변 아군들에게 250~420(아군 레벨에 비례)의 피해를 흡수하는 보호막을 부여합니다. 보호막 피해 흡수량은 2.5초에 걸쳐 점차 감소합니다. (재사용 대기시간 90초) 전념: 주변 아군들에게 5의 방어력과 마법 저항력을 부여합니다. 신화급 기본 지속 효과: 다른 모든 전설급 아이템에 전념으로  방어력 및  마법 저항력 2 증가레벨 비례 효과는 아군의 레벨에 따라 상승합니다.","강철의 솔라리 펜던트",2700
128,3191,"주문력  30방어력  15마법사의 길: 유닛을 처치하면 방어력이 1 (최대 30) 증가합니다.","추적자의 팔목 보호대",900
129,3193,"방어력  60마법 저항력  60스킬 가속  15 사용 시 - 불굴: 2.5초 동안 크기가 25% 커지며 100+추가 체력의 100%에 해당하는 피해를 흡수하는 보호막을 얻습니다. (재사용 대기시간 90초)구축: 챔피언에게 피해를 받으면 중첩을 1회 얻어 6초 동안 3%의 추가 방어력과 3%의 추가 마법 저항력을 얻습니다.챔피언당 하나씩 최대 5회까지 중첩됩니다.","가고일 돌갑옷",3300
130,3211,"체력  250마법 저항력  25무형: 챔피언에게 피해를 입으면 최대 10초 동안 기본 체력 재생이 150% 증가합니다. (지속시간은 입은 피해량에 비례)","망령의 두건",1250
131,3222,"체력 회복 및 보호막  20%마법 저항력  50스킬 가속  15기본 마나 재생  100% 사용 시 - 정화: 아군 챔피언에게 걸린 모든 군중 제어 효과(공중에 띄우기 및 제압 제외)를 제거하고 체력을 100~200 (아군 레벨에 비례) 회복합니다. (재사용 대기시간 120초)","미카엘의 축복",2300
132,3330,"팔 수 없음 사용 시 - 장신구: 적에게 피들스틱과 똑같아 보이는 허수아비를 설치합니다. 허수아비는 130~300(레벨에 비례)초 동안 유지됩니다. 115~30(레벨에 비례)초마다 1회 충전되며, 최대 2회까지 충전됩니다.적 챔피언이 가까이 다가가면 허수아비가 작동되어, 무작위 행동을 취한 후 파괴됩니다.",허수아비,0
133,3340," 사용 시 - 장신구: 아군 모두에게 90~120초 동안 주변 지역을 밝혀 주는 투명 와드 하나를 지면에 설치합니다. 투명 와드는 최대 2개까지 보유할 수 있으며 240~120초마다 하나씩 생성됩니다. ","투명 와드",0
134,3363," 사용 시 - 장신구: 누구나 볼 수 있고 쉽게 파괴 가능한 와드를 설치해 주변 지역을 드러냅니다. 최대 4000 유닛 범위까지 설치 가능하며 아군이 소환사 주문이나 스킬의 대상으로 지정할 수 없습니다. (재사용 대기시간 198~99초)","망원형 개조",0
135,3364," 사용 시 - 장신구: 10초 동안 근처를 수색해 적 유닛이 숨어 있으면 경고를 보내며 주변의 투명한 덫을 드러냅니다. 또한 적의 투명 와드를 드러내고 잠시 무력화시킵니다. (재사용 대기시간 90~60초)","예언자의 렌즈",0
136,3400," 사용 시 - 소모: 0골드를 획득합니다.파이크가 궁극기로 적 챔피언을 처형했을 때 아군에게 주는 보너스 골드입니다. 처치에 관여한 아군이 없다면 파이크가 수당을 챙깁니다.",수당,0
137,3504,"주문력  60체력 회복 및 보호막  10%기본 마나 재생  100%축성: 아군을 치유하거나 보호막을 씌워주면 6초 동안 자신과 대상 아군의 공격 속도가 10%~30% (아군 레벨에 비례) 상승하고 5~20(아군 레벨에 비례)의 마법 피해(적중 시 )를 입힙니다. 레벨 비례 효과는 아군의 레벨에 따라 상승합니다.","불타는 향로",2300
138,3508,"공격력  50치명타 확률  20%스킬 가속  20주문 검: 스킬을 사용하고 나면 다음 기본 공격 시 기본 공격력의 100%+추가 공격력의 40%에 해당하는 물리 피해를 추가로 입히고 최대 마나의 3%만큼 회복합니다. (재사용 대기시간 1.5초)","정수 약탈자",2900
139,3513," 사용 시 - 소모: 1초 후에 전령의 눈을 파괴하고 협곡의 전령을 소환합니다. 소환된 전령은 적 포탑을 공격합니다.공허의 자취: 전령의 눈을 획득하면 귀환이 강화됩니다.전령의 눈을 240초 동안 사용하지 않으면 공허로 사라집니다.","전령의 눈",0
140,3599," 사용 시 - 소모: 아군에게 이 게임 동안 결속되는 계약을 제의합니다. 계약이 수락되면 해당 아군과 가까이 있을 때 둘 모두가 강화됩니다.","칼리스타의 칠흑의 창",0
141,3600," 사용 시 - 소모: 아군에게 이 게임 동안 결속되는 계약을 제의합니다. 계약이 수락되면 해당 아군과 가까이 있을 때 둘 모두가 강화됩니다.칼리스타가 궁극기를 사용할 때 필요합니다.","칼리스타의 칠흑의 창",0
142,3742,"체력  475방어력  40이동 속도  5%침몰시키는 자: 이동 시 최대 60의 추가 이동 속도를 얻습니다. 다음 기본 공격 시 최대 100의 마법 피해를 입히고 추가 이동 속도를 잃습니다. 최고 속도에서  근접 챔피언이 기본 공격 시 1초 동안 대상을 50% 둔화시킵니다.''내 갑옷을 뺏을 방도는 하나뿐이다...'' - 무명씨  ","망자의 갑옷",2900
143,3748,"공격력  30체력  500파괴전차: 공격력을 최대 체력의 1%만큼 추가로 얻습니다.쪼개기: 기본 공격 시 5+최대 체력의 1.5%에 해당하는 물리 피해(적중 시 )를 추가로 입히고, 충격파를 발산해 대상 뒤의 적들에게 40+최대 체력의 3%에 해당하는 물리 피해를 입힙니다. 원거리 챔피언은 75%의 피해를 입힙니다. 적중 시  효과는 구조물에도 피해를 입힙니다.","거대한 히드라",3300
144,3801,"체력  200기본 체력 재생  50%","수정 팔 보호구",650
145,3802,"주문력  40마나  300스킬 가속  10깨우치기: 레벨 업하면 3초 동안 최대 마나의 20%를 회복합니다.","사라진 양피지",1300
146,3814,"공격력  50물리 관통력  10체력  325무효화: 적의 다음 스킬을 막아 주는 주문 방어막을 생성합니다. (재사용 대기시간 40초)효과가 다시 활성화되기 전에 피해를 입으면 재사용 대기시간이 초기화됩니다.","밤의 끝자락",2900
147,3850,"주문력  8체력  10기본 마나 재생  50%10초당 골드  2헌납: 아군 챔피언 근처에 있을 때, 챔피언과 구조물에 피해를 입히는 스킬을 사용하거나 기본 공격 시 20골드를 획득합니다. 30초당 최대 3번까지만 발동합니다.퀘스트: 이 아이템으로 500골드를 획득하면 얼음 송곳니로 변하며  사용 시 - 와드 설치 효과를 획득합니다.너무 많은 미니언을 처치하면 미니언 처치 시 획득하는 골드가 감소합니다.","주문도둑의 검",400
148,3851,"주문력  15체력  70기본 마나 재생  75%10초당 골드  3 사용 시 - 와드: 아군 모두에게 주변 지역을 밝혀 주는 투명 와드 하나를 지면에 설치합니다. 투명 와드는 최대 0개까지 보유할 수 있으며 상점 방문 시 다시 채워집니다. 헌납: 아군 챔피언 근처에 있을 때, 챔피언과 구조물에 피해를 입히는 스킬을 사용하거나 기본 공격 시 20골드를 획득합니다. 30초당 최대 3번까지만 발동합니다.퀘스트: 이 아이템으로 1000골드를 획득하면 얼음 정수의 파편으로 변합니다.너무 많은 미니언을 처치하면 미니언 처치 시 획득하는 골드가 감소합니다.","얼음 송곳니",400
149,3853,"주문력  40체력  75기본 마나 재생  100%10초당 골드  3 사용 시 - 와드: 아군 모두에게 주변 지역을 밝혀 주는 투명 와드 하나를 지면에 설치합니다. 투명 와드는 최대 0개까지 보유할 수 있으며 상점 방문 시 다시 채워집니다. 너무 많은 미니언을 처치하면 미니언 처치 시 획득하는 골드가 감소합니다.","얼음 정수의 파편",400
150,3854,"공격력  3체력  30기본 체력 재생  25%10초당 골드  2전리품: 아군 챔피언 근처에 있으면 기본 공격 시 최대 체력이 근접 챔피언의 경우 50% | 원거리 챔피언의 경우 30% 이하인 미니언을 즉시 처형하고 가장 가까운 아군 챔피언과 함께 같은 양의 골드를 획득합니다. 이 효과는 35초마다 재충전됩니다. (최대 충전량 3회)퀘스트: 이 아이템으로 500골드를 획득하면 룬 강철 어깨 갑옷으로 변하며  사용 시 - 와드 설치 효과를 획득합니다.너무 많은 미니언을 처치하면 미니언 처치 시 획득하는 골드가 감소합니다.","강철 어깨 보호대",400
151,3855,"공격력  6체력  100기본 체력 재생  50%10초당 골드  3 사용 시 - 와드: 아군 모두에게 주변 지역을 밝혀 주는 투명 와드 하나를 지면에 설치합니다. 투명 와드는 최대 0개까지 보유할 수 있으며 상점 방문 시 다시 채워집니다. 전리품: 아군 챔피언 근처에 있으면 기본 공격 시 최대 체력이 0% 이하인 미니언을 즉시 처형하고 가장 가까운 아군 챔피언과 함께 같은 양의 골드를 획득합니다. 이 효과는 0초마다 재충전됩니다. (최대 충전량 0회)퀘스트: 이 아이템으로 1000골드를 획득하면 화이트록의 갑옷으로 변합니다. 너무 많은 미니언을 처치하면 미니언 처치 시 획득하는 골드가 감소합니다.","룬 강철 어깨 갑옷",400
152,3857,"공격력  15체력  250기본 체력 재생  100%10초당 골드  3 사용 시 - 와드: 아군 모두에게 주변 지역을 밝혀 주는 투명 와드 하나를 지면에 설치합니다. 투명 와드는 최대 0개까지 보유할 수 있으며 상점 방문 시 다시 채워집니다. 너무 많은 미니언을 처치하면 미니언 처치 시 획득하는 골드가 감소합니다.","화이트록의 갑옷",400
153,3858,"주문력  5체력  30기본 체력 재생  25%10초당 골드  2전리품: 아군 챔피언 근처에 있으면 기본 공격 시 최대 체력이 근접 챔피언의 경우 50% | 원거리 챔피언의 경우 30% 이하인 미니언을 즉시 처형하고 가장 가까운 아군 챔피언과 함께 같은 양의 골드를 획득합니다. 이 효과는 35초마다 재충전됩니다. (최대 충전량 3회)퀘스트: 이 아이템으로 500골드를 획득하면 타곤 산의 방패로 변하며  사용 시 - 와드 설치 효과를 획득합니다.너무 많은 미니언을 처치하면 미니언 처치 시 획득하는 골드가 감소합니다.","고대유물 방패",400
154,3859,"주문력  10체력  100기본 체력 재생  50%10초당 골드  3 사용 시 - 와드: 아군 모두에게 주변 지역을 밝혀 주는 투명 와드 하나를 지면에 설치합니다. 투명 와드는 최대 0개까지 보유할 수 있으며 상점 방문 시 다시 채워집니다. 전리품: 아군 챔피언 근처에 있으면 기본 공격 시 최대 체력이 0% 이하인 미니언을 즉시 처형하고 가장 가까운 아군 챔피언과 함께 같은 양의 골드를 획득합니다. 이 효과는 0초마다 재충전됩니다. (최대 충전량 0회)퀘스트: 이 아이템으로 1000골드를 획득하면 타곤 산의 방벽으로 변합니다. 너무 많은 미니언을 처치하면 미니언 처치 시 획득하는 골드가 감소합니다.","타곤 산의 방패",400
155,3860,"주문력  20체력  250기본 체력 재생  100%10초당 골드  3 사용 시 - 와드: 아군 모두에게 주변 지역을 밝혀 주는 투명 와드 하나를 지면에 설치합니다. 투명 와드는 최대 0개까지 보유할 수 있으며 상점 방문 시 다시 채워집니다. 너무 많은 미니언을 처치하면 미니언 처치 시 획득하는 골드가 감소합니다.","타곤 산의 방벽",400
156,3862,"공격력  5체력  10기본 마나 재생  25%10초당 골드  2헌납: 아군 챔피언 근처에 있을 때, 챔피언과 구조물에 피해를 입히는 스킬을 사용하거나 기본 공격 시 20골드를 획득합니다. 30초당 최대 3번까지만 발동합니다.퀘스트: 이 아이템으로 500골드를 획득하면 해로윙 초승달낫으로 변하며  사용 시 - 와드 설치 효과를 획득합니다.너무 많은 미니언을 처치하면 미니언 처치 시 획득하는 골드가 감소합니다.","영혼의 낫",400
157,3863,"공격력  10체력  60기본 마나 재생  50%10초당 골드  3 사용 시 - 와드: 아군 모두에게 주변 지역을 밝혀 주는 투명 와드 하나를 지면에 설치합니다. 투명 와드는 최대 0개까지 보유할 수 있으며 상점 방문 시 다시 채워집니다. 헌납: 아군 챔피언 근처에 있을 때, 챔피언과 구조물에 피해를 입히는 스킬을 사용하거나 기본 공격 시 20골드를 획득합니다. 30초당 최대 3번까지만 발동합니다.퀘스트: 이 아이템으로 1000골드를 획득하면 검은 안개 낫으로 변합니다.너무 많은 미니언을 처치하면 미니언 처치 시 획득하는 골드가 감소합니다.","해로윙 초승달낫",400
158,3864,"공격력  20체력  75기본 마나 재생  100%10초당 골드  3 사용 시 - 와드: 아군 모두에게 주변 지역을 밝혀 주는 투명 와드 하나를 지면에 설치합니다. 투명 와드는 최대 0개까지 보유할 수 있으며 상점 방문 시 다시 채워집니다. 너무 많은 미니언을 처치하면 미니언 처치 시 획득하는 골드가 감소합니다.","검은 안개 낫",400
159,3916,"주문력  30저주: 챔피언에게 마법 피해를 입히면 2초 동안 40%의 고통스러운 상처를 남깁니다.고통스러운 상처는 치유 및 회복 효과를 감소시킵니다.","망각의 구",800
160,4005,"주문력  40체력  200스킬 가속  20기본 마나 재생  100%합동 공격: 챔피언을 스킬로 둔화 또는 이동 불가 상태로 만들면 60~100(레벨에 비례)의 추가 마법 피해를 입히고 4초 동안 표식을 남깁니다. 아군이 대상에게 피해를 입히면 표식이 폭발하며 60~100(아군 레벨에 비례)의 마법 피해를 추가로 가하고 2초 동안 자신과 아군의 이동 속도가 20% 상승합니다. (챔피언 하나당 재사용 대기시간 6초) 신화급 기본 지속 효과: 다른 모든 전설급 아이템에 주문력  15 레벨 비례 효과는 아군의 레벨에 따라 상승합니다.","제국의 명령",2700
161,4401,"체력  350마법 저항력  60이동 속도  5%흡입: 스킬 피해를 입으면 5초 동안 이동 속도가 6, 마법 저항력이 4 증가합니다. (최대 5회 중첩되며 같은 스킬로는 중첩이 1회만 상승합니다.)","대자연의 힘",2900
162,4403,"공격력  70주문력  120공격 속도  50%치명타 확률  30%체력  250방어력  30마법 저항력  30마나  250스킬 가속  20이동 속도  10%생명력 흡수  10%기본 체력 재생  100%기본 마나 재생  100%무언가 하고 있음: 영구히 불타오릅니다!","황금 뒤집개",7637
163,4628,"주문력  100초강력 사격: 750 거리 이상에서 대상을 지정하지 않는 스킬로 챔피언에게 피해를 입히거나 이동 불가 상태로 만들면 대상의 위치를 드러내고 6초 동안 자신이 입히는 피해를 10% 증가시킵니다. 초강력 사격을 발동하는 스킬 역시 피해량이 증가합니다. 소환물이나 이동 불가 효과가 없는 덫은 이 효과를 발동시키지 않습니다. 범위 지정 스킬은 처음에만 이 효과를 발동시키고, 거리는 사용 시 위치 기준으로 계산됩니다. ","지평선의 초점",3000
164,4629,"주문력  75체력  200스킬 가속  30마법의 춤: 스킬로 피해를 입히면 4초 동안이동 속도가 10+스킬 가속의 20%만큼 상승합니다.","우주의 추진력",3000
165,4630,"주문력  25마법 관통력  15%","역병의 보석",1250
166,4632,"주문력  25마법 저항력  25적응: 60초마다 마법 저항력이 3(최대 15)씩 증가합니다. 챔피언에게 마법 피해를 입으면 다음 증가까지 필요한 시간이 줄어듭니다. 줄어드는 시간은 받은 피해량의 5%와 같습니다.","신록의 장벽",1200
167,4633,"주문력  80체력  150스킬 가속  15모든 피해 흡혈  15%공허의 부패: 챔피언과 전투 시 매초 2%의 추가 피해(최대 10%)를 입힙니다. 피해량이 최대가 되면 추가 피해량을 고정 피해로 전환합니다. 신화급 기본 지속 효과: 다른 모든 전설급 아이템에 마법 관통력  5%","균열 생성기",3200
168,4635,"주문력  20체력  150모든 피해 흡혈  10%","흡수의 시선",1300
169,4636,"주문력  80체력  250스킬 가속  15영혼 찢기: 챔피언에게 피해를 입히면 175~225(레벨에 비례)(+주문력의 15%)의 마법 피해를 추가로 입히고 1.5초 동안 이동 속도가 25% 상승합니다. (챔피언당 재사용 대기시간 40초)신화급 기본 지속 효과: 다른 모든 전설급 아이템에 스킬 가속  5다른 챔피언에게 피해를 입히면 이동 속도 추가 효과의 지속시간이 늘어납니다.","밤의 수확자",3200
170,4637,"주문력  70체력  350아자카나의 응시: 스킬 피해를 입히면 4초 동안 적을 불태워 매초 최대 체력의 1.2%에 해당하는 마법 피해를 입힙니다. 대상이 챔피언일 경우 10의 방어력과 마법 저항력(+추가로 피해를 입은 챔피언 하나당 방어력 및 마법 저항력 2.5)을 얻습니다. ","악마의 포옹",3000
171,4638,"스킬 가속  25신비로운 상자: 이 아이템은 구매한 제어 와드를 3개까지 저장할 수 있습니다.주시: 설치할 수 있는 투명 와드 및 제어 와드 개수가 1개 증가합니다.투명 와드 장신구와 업그레이드한 고유: 지원 아이템으로 투명 와드를 설치합니다.","감시하는 와드석",1100
172,4641,"신비로운 상자: 이 아이템은 구매한 제어 와드를 3개까지 저장할 수 있습니다.번성하는 제국: 투명 와드를 20개 설치하면 감시하는 와드석으로 변합니다.투명 와드 장신구와 업그레이드한 고유: 지원 아이템으로 투명 와드를 설치합니다.","고무의 와드석",1100
173,4642,"주문력  20스킬 가속  10기본 마나 재생  50%","밴들유리 거울",1050
174,4643,"스킬 가속  40이동 속도  10%신비로운 상자: 이 아이템은 구매한 제어 와드를 3개까지 저장할 수 있습니다.주시: 투명 와드 및 제어 와드 설치 개수가 1 증가합니다.구매하려면 감시하는 시야석이 필요합니다.","경계의 와드석",2300
175,6029,"공격력  30 사용 시 - 초승달: 주변 적들에게 공격력의 75%에 해당하는 물리 피해를 입힙니다. 체력이 40% 이하인 미니언과 몬스터들은 200%의 피해를 입습니다. (재사용 대기시간 15초, 스킬 가속에 따라 감소)","강철가시 채찍",1200
176,6035,"공격력  35체력  200마법 저항력  35 사용 시 - 수은: 챔피언에 걸린 모든 군중 제어 효과(공중에 뜸 제외)를 제거하고, 3초 동안 강인함이 40%, 둔화 저항이 40% 증가합니다. (재사용 대기시간 90초)","은빛 여명",3000
177,6333,"공격력  50방어력  40스킬 가속  15고통 무시: 자신이 받은 물리 피해의 35%(원거리 챔피언의 경우 15%)를 3초 동안 나누어 입습니다.반항: 챔피언 처치 관여 시 고통 무시의 지속 피해 효과가 사라지고 2초 동안 이동 속도가 30% 상승하며 최대 체력의 10%만큼 회복합니다.","죽음의 무도",3100
178,6609,"공격력  45체력  200스킬 가속  15광란의 뿔: 적 챔피언에게 물리 피해를 입히면 2초 동안 40%의 고통스러운 상처를 남깁니다. 대상의 체력이 50% 이하라면 고통스러운 상처의 효과가 60%로 증가합니다.고통스러운 상처는 치유 및 회복 효과를 감소시킵니다.","화공 펑크 사슬검",2700
179,6616,"주문력  60체력 회복 및 보호막  10%기본 마나 재생  100%급류: 아군의 체력을 회복시키거나 보호막을 씌우면 3초 동안 자신과 대상의 이동 속도가 15%, 주문력이 20~40 (아군 ) 증가합니다.레벨 비례 효과는 아군의 레벨에 따라 상승합니다.","흐르는 물의 지팡이",2300
180,6617,"주문력  40체력  200스킬 가속  20기본 마나 재생  100%별빛 은총: 전투에서 챔피언에게 기본 공격이나 스킬을 가하면 주변에서 가장 많은 피해를 입은 아군의 체력을 30~60(아군 레벨에 비례) 회복시킵니다. (재사용 대기시간 2초) 챔피언과 전투에 돌입하고 매초가 지날 때마다 회복량이 25%씩 최대 100%까지 증가합니다.신화급 기본 지속 효과: 다른 모든 전설급 아이템에 스킬 가속  5레벨 비례 효과는 아군의 레벨에 따라 상승합니다.","월석 재생기",2700
181,6630,"공격력  45체력  400스킬 가속  20기본 체력 재생  150% 사용 시 - 갈망의 가르기: 주변 적들에게 공격력의 110%에 해당하는 물리 피해를 입힙니다. 적중한 챔피언 하나당 공격력의 20%+잃은 체력의 12%만큼 회복합니다. (재사용 대기시간 15초, 스킬 가속에 따라 감소)앙심: 체력을 5% 잃을 때마다 공격력이 1% 증가합니다. (최대 15%)신화급 기본 지속 효과: 다른 모든 전설급 아이템에 스킬 가속  5",선혈포식자,3300
182,6631,"공격력  50공격 속도  20%체력  300스킬 가속  10 사용 시 - 제압의 가르기: 짧은 거리를 돌진하며 주변 적들에게 공격력의 110%에 해당하는 물리 피해를 입히고 60% 둔화시킵니다. 둔화 효과는 2초에 걸쳐 점차 사라집니다. (재사용 대기시간 20초, 스킬 가속에 따라 감소)비장한 걸음: 물리 피해를 가하면 2초 동안 이동 속도가 30 상승합니다.신화급 기본 지속 효과: 다른 모든 전설급 아이템에 이동 속도  3%제압의 가르기 돌진으로 지형은 통과할 수 없습니다.","발걸음 분쇄기",3300
183,6632,"공격력  40체력  400스킬 가속  20주문 검: 스킬을 사용하고 나면 다음 기본 공격 시 대상 최대 체력의 10%에 해당하는 물리 피해를 추가로 입힙니다(재사용 대기시간 1.5초). 대상이 챔피언일 경우 강화된 피해의 50%만큼 체력을 회복합니다(소유자가 원거리 챔피언인 경우 30%).신화급 기본 지속 효과: 다른 모든 전설급 아이템에 방어구 관통력  5%주문 검은 유닛에게 최소 기본 공격력의 150%에 해당하는 피해를 입히고 몬스터에게는 최대 기본 공격력의 250%에 해당하는 피해를 입힙니다.","신성한 파괴자",3300
184,6653,"주문력  80마나  600스킬 가속  20고통: 스킬로 피해를 입히면 4초 동안 적을 불태워 매초 15+주문력의 2.5%+최대 체력의 1%에 해당하는 마법 피해를 입힙니다. 적은 불타는 동안 매초 마법 저항력이 5%씩 감소합니다. (최대 15% 감소)신화급 기본 지속 효과: 다른 모든 전설급 아이템에 스킬 가속  5","리안드리의 고뇌",3400
185,6655,"주문력  80마법 관통력  10마나  600스킬 가속  10메아리: 스킬로 피해를 입히면 대상과 주변 3명의 적에게 100+주문력의 15%에 해당하는 마법 피해를 추가로 입히고 2초 동안 이동 속도가 15% 상승합니다. (재사용 대기시간 10초)신화급 기본 지속 효과: 다른 모든 전설급 아이템에 마법 관통력  5 ","루덴의 폭풍",3400
186,6656,"주문력  80체력  200마나  600스킬 가속  10 사용 시 - 빙결: 원뿔 범위 내의 적들에게 100+주문력의 30%에 해당하는 마법 피해를 입히고 1.5초 동안 65% 둔화시킵니다. 범위 중앙의 적들은 속박됩니다. (재사용 대기시간 20초)신화급 기본 지속 효과: 다른 모든 전설급 아이템에 주문력  15 ",만년서리,3400
187,6660,"체력  300불사르기: 피해를 받거나 입히면 주변 적들에게 3초 동안 초당 15+추가 체력의 1%에 해당하는 마법 피해를 입힙니다. (미니언 대상 25%, 몬스터 대상 50% 증가)","바미의 불씨",1000
188,6662,"체력  350방어력  50마법 저항력  25스킬 가속  15불사르기: 피해를 받거나 입히면 주변 적들에게 3초 동안 초당 20~40(레벨에 비례)+추가 체력의 1%에 해당하는 마법 피해를 입힙니다. (미니언 대상 25%, 몬스터 대상 150% 증가)고립: 기본 공격 시 1.5초 동안 서리 영역을 생성합니다. (재사용 대기시간 4초) 서리 영역을 지나는 적들은 25% 둔화됩니다. (자신의 최대 체력 에 비례)신화급 기본 지속 효과: 다른 모든 전설급 아이템에 체력  100 및 챔피언 크기 7.5%","서리불꽃 건틀릿",3200
189,6664,"체력  350방어력  25마법 저항력  50스킬 가속  15 사용 시 - 고속 충전 완료: 4초 동안 적이나 적 포탑 쪽으로 이동할 때 이동 속도가 75% 상승합니다. 적에게 근접하거나 4초가 지나면 충격파를 발산하여 2초 동안 주변 적 챔피언들을 40% 둔화시킵니다. (재사용 대기시간 90초)불사르기: 피해를 받거나 입히면 주변 적들에게 3초 동안 초당 20~40(레벨에 비례)+추가 체력의 1%에 해당하는 마법 피해를 입힙니다. (미니언 대상 25%, 몬스터 대상 150% 증가)신화급 기본 지속 효과: 다른 모든 전설급 아이템에 강인함 및 둔화 저항  5%","터보 화공 탱크",3200
190,6670,"공격력  30공격 속도  15%정밀: 미니언과 몬스터에게 기본 공격 시 20의 물리 피해를 추가로 입힙니다.","절정의 화살",1300
191,6671,"공격력  55공격 속도  20%치명타 확률  20% 사용 시 - 폭우: 지정 방향으로 돌진하며 착지 지점 주변 체력이 가장 낮은 적(챔피언 우선)에게 발사체 3개를 날립니다. 총 180~220(레벨에 비례)+추가 공격력의 45%에 해당하는 마법 피해를 입히며 체력이 낮을수록 피해량이 최대 50%까지 증가합니다. (재사용 대기시간 90초)신화급 기본 지속 효과: 다른 모든 전설급 아이템에 이동 속도  3%미사일의 최대 피해는 체력이 30% 이하인 적에게 적용됩니다.폭우 돌진으로 지형은 통과할 수 없습니다.",돌풍,3400
192,6672,"공격력  65공격 속도  25%치명타 확률  20%벼락: 세 번째 기본 공격을 가할 때마다 80+추가 공격력의 30%에 해당하는 고정 피해를 추가로 입힙니다.신화급 기본 지속 효과: 다른 모든 전설급 아이템에 공격 속도  10%","크라켄 학살자",3400
193,6673,"공격력  50공격 속도  15%치명타 확률  20%생명력 흡수  12%생명선: 피해를 받아 체력이 30% 이하가 될 경우 3초 동안 250~700의 피해를 흡수하는 보호막을 얻습니다. 또한 8초 동안 생명력 흡수가 15% 증가합니다. (재사용 대기시간 90초)신화급 기본 지속 효과: 다른 모든 전설급 아이템에 공격력  5 및 체력  50","불멸의 철갑궁",3400
194,6675,"공격력  60치명타 확률  20%스킬 가속  30날쌘 타격: 기본 공격이 치명타로 적중하면 기본 스킬의 남은 재사용 대기시간이 20% 감소합니다.","나보리 신속검",3400
195,6676,"공격력  55치명타 확률  20%물리 관통력  12죽음과 세금: 적에게 피해를 입혀 체력이 5% 이하가 되면 처형합니다. 챔피언 처치 시 추가로 25골드를 얻습니다.","징수의 총",3000
196,6677,"공격 속도  25%분노: 기본 공격 시 치명타 확률 20%당 35의 물리 피해(적중 시 )를 입힙니다. 치명타는 적용되지 않습니다.","분노의 칼",800
197,6691,"공격력  55물리 관통력  18스킬 가속  20밤의 추적자: 챔피언에게 기본 공격 시 100+추가 공격력의 30%에 해당하는 물리 피해를 추가로 입히고 0.25초 동안 99% 둔화시킵니다. (재사용 대기시간 15초) 피해를 입힌 챔피언이 3초 내에 처치되면 재사용 대기시간이 초기화되며 1.5초 동안 투명 상태가 됩니다.신화급 기본 지속 효과: 다른 모든 전설급 아이템에 스킬 가속  5","드락사르의 황혼검",3200
198,6692,"공격력  55물리 관통력  18모든 피해 흡혈  10%늘 떠오르는 달: 1.5초 내에 한 챔피언에게 다른 기본 공격이나 스킬로 2회 공격하면 대상 최대 체력의 6%에 해당하는 물리 피해를 추가로 입히고 2초 동안 이동 속도가 15% 상승하며 150+추가 공격력의 40%에 해당하는 피해를 흡수하는 보호막(원거리 챔피언의 경우 100+추가 공격력의 30%)을 얻습니다. (재사용 대기시간 8초, 원거리 챔피언의 경우 재사용 대기시간 16초)신화급 기본 지속 효과: 다른 모든 전설급 아이템에 방어구 관통력  4%",월식,3200
199,6693,"공격력  60물리 관통력  21스킬 가속  10 사용 시 - 모래 일격: 지정한 적을 관통해 돌진하며 100+추가 공격력의 30%에 해당하는 물리 피해를 입히고 3초 동안 대상에게 입히는 피해량이 15% 증가합니다. (재사용 대기시간 60초)신화급 기본 지속 효과: 다른 모든 전설급 아이템에 물리 관통력  5","자객의 발톱",3200
200,6694,"공격력  45방어구 관통력  30%스킬 가속  20매서운 추위: 스킬로 적에게 피해를 입히면 1초 동안 30% 둔화시킵니다.","세릴다의 원한",3400
201,6695,"공격력  60물리 관통력  18보호막 파괴자: 기본 공격과 스킬이 보호막 효과를 받은 대상에게 50+추가 공격력의 40%에 해당하는 추가 물리 피해를 입힙니다.마법 피해만 막는 보호막을 가진 대상에게는 추가 피해가 적용되지 않습니다.","독사의 송곳니",2800
