rno,level,lose,name,point,profileIconId,tier,win,summonerName
3001,82,61,NULL,17,3867,MASTER,82,BaeMe1
3002,473,980,NULL,16,2076,MASTER,989,병짱구리
3003,137,779,NULL,16,4629,MASTER,869,평범한숟가락
3004,174,766,NULL,16,4815,MASTER,826,원딜로마스터찍음
3005,118,606,NULL,16,3797,MASTER,693,sleepjoker
3006,501,687,NULL,16,1384,MASTER,684,사랑은뜨겁게
3007,133,561,NULL,16,3041,MASTER,634,T1Sinner
3008,407,429,NULL,16,4838,MASTER,502,고별
3009,214,462,NULL,16,4803,MASTER,467,중꾹인
3010,91,317,NULL,16,4787,MASTER,398,빵테온의창
3011,323,370,NULL,16,4209,MASTER,391,GoDo
3012,333,350,NULL,16,3180,MASTER,382,carrotcake
3013,137,250,NULL,16,4653,MASTER,299,망나니나침반
3014,82,235,NULL,16,1382,MASTER,253,KangyaBeiguoBa
3015,288,238,NULL,16,4804,MASTER,253,이남규
3016,279,158,NULL,16,1382,MASTER,241,브라자끄네끼툭
3017,263,184,NULL,16,4829,MASTER,215,질리엌
3018,414,162,NULL,16,4834,MASTER,212,맨날죽는누누
3019,130,206,NULL,16,4832,MASTER,184,율천댕
3020,72,124,NULL,16,4834,MASTER,182,La2per
3021,160,93,NULL,16,4588,MASTER,171,넓을호물가수
3022,88,126,NULL,16,4832,MASTER,161,puss1
3023,375,141,NULL,16,3798,MASTER,155,AfreecaSangho
3024,47,88,NULL,16,7,MASTER,147,xingerandwolf
3025,236,89,NULL,16,7,MASTER,109,GroupieLove
3026,606,1510,NULL,15,4832,MASTER,1518,Menhoziroshipmen
3027,513,1128,NULL,15,4834,MASTER,1151,Dante01
3028,313,818,NULL,15,4576,MASTER,867,BrokeVoice
3029,541,831,NULL,15,3180,MASTER,853,간디도롤하면폭력
3030,129,632,NULL,15,4815,MASTER,719,유미장인친추좀
3031,317,661,NULL,15,4027,MASTER,678,나한테만
3032,240,402,NULL,15,980,MASTER,435,겨드랑왕자
3033,336,373,NULL,15,4815,MASTER,418,신정고김우빈
3034,86,357,NULL,15,4706,MASTER,414,더잘할께요
3035,169,403,NULL,15,4616,MASTER,414,미니기미니
3036,89,400,NULL,15,4849,MASTER,409,김선호1
3037,286,348,NULL,15,4088,MASTER,400,홍광남
3038,166,273,NULL,15,4763,MASTER,314,Eludah
3039,179,237,NULL,15,4626,MASTER,308,KE4
3040,111,192,NULL,15,4491,MASTER,276,누군가의소중한
3041,166,244,NULL,15,4832,MASTER,263,꿀탱탱저격수
3042,446,258,NULL,15,4559,MASTER,253,미토
3043,81,173,NULL,15,7,MASTER,242,imveryhappy
3044,138,198,NULL,15,7,MASTER,225,세계최강명호서풋
3045,223,199,NULL,15,4832,MASTER,217,고개를들어
3046,178,163,NULL,15,3199,MASTER,216,밍햇살
3047,217,184,NULL,15,4779,MASTER,208,이쁘소
3048,57,119,NULL,15,4763,MASTER,185,THISisADGAP
3049,79,154,NULL,15,4795,MASTER,183,좀귀엽네
3050,60,141,NULL,15,935,MASTER,178,블루레드주인
3051,46,74,NULL,15,4786,MASTER,150,xsxsdxdxd1
3052,42,58,NULL,15,7,MASTER,110,farfromover
3053,97,66,NULL,15,3014,MASTER,90,LeonaMaestro
3054,411,1352,NULL,14,538,MASTER,1335,wildlion
3055,124,668,NULL,14,4661,MASTER,733,Renminfachui
3056,160,687,NULL,14,26,MASTER,731,띠프트
3057,314,642,NULL,14,4833,MASTER,653,흑화세이버
3058,168,537,NULL,14,839,MASTER,579,asdzxcqwfghj
3059,289,493,NULL,14,4496,MASTER,545,kitsune1
3060,133,443,NULL,14,4572,MASTER,514,3est16
3061,110,431,NULL,14,4764,MASTER,512,미드GAP딱대
3062,262,480,NULL,14,3456,MASTER,492,순진하지
3063,223,421,NULL,14,983,MASTER,458,MuakJohnson
3064,135,423,NULL,14,4637,MASTER,436,PopVirus
3065,193,331,NULL,14,4757,MASTER,343,Now뀨
3066,87,262,NULL,14,4777,MASTER,339,PigBoy777
3067,71,263,NULL,14,4780,MASTER,334,hanhanzhuOvO
3068,72,238,NULL,14,4832,MASTER,318,뭐가그렇게무서워
3069,287,237,NULL,14,4660,MASTER,314,그립던우리의밤
3070,91,206,NULL,14,15,MASTER,313,삐약이살인마
3071,595,303,NULL,14,4779,MASTER,311,에이스동생
3072,71,204,NULL,14,4405,MASTER,268,신개미
3073,66,193,NULL,14,3785,MASTER,262,Xiangling1
3074,117,239,NULL,14,4026,MASTER,254,뚱징어링
3075,73,157,NULL,14,4838,MASTER,221,강한펭귄
3076,210,170,NULL,14,904,MASTER,191,Kutz
3077,238,123,NULL,14,4822,MASTER,189,심곡초매콤주먹
3078,52,100,NULL,14,29,MASTER,169,gtqeti364
3079,155,148,NULL,14,1301,MASTER,169,바둥은죽었다
3080,147,147,NULL,14,4655,MASTER,168,쇼탐
3081,74,110,NULL,14,3545,MASTER,165,개못하니깐
3082,54,81,NULL,14,4834,MASTER,164,눈감으면훨씬더잘보인다구
3083,258,49,NULL,14,4832,MASTER,78,훈몽이
3084,63,42,NULL,14,984,MASTER,75,Calimport
3085,433,37,NULL,14,4815,MASTER,60,LLStylish
3086,235,34,NULL,14,4559,MASTER,57,빛플
3087,120,24,NULL,14,3804,MASTER,50,빤쓰
3088,319,1198,NULL,13,3160,MASTER,1179,yifuzhiming
3089,366,1102,NULL,13,4706,MASTER,1152,끌로비
3090,316,954,NULL,13,596,MASTER,958,지조있게
3091,264,900,NULL,13,4784,MASTER,915,변화가
3092,439,865,NULL,13,4653,MASTER,865,비니누나사랑해
3093,173,739,NULL,13,4761,MASTER,776,사미라만벤할께요
3094,117,564,NULL,13,4661,MASTER,614,haoyunlai
3095,468,611,NULL,13,3523,MASTER,598,고인영
3096,217,486,NULL,13,4654,MASTER,524,KeonmuZi
3097,241,479,NULL,13,4764,MASTER,509,새우깡끼룩
3098,337,505,NULL,13,4025,MASTER,503,수련지옥
3099,305,452,NULL,13,4832,MASTER,497,ADdistanceHSM
3100,246,377,NULL,13,4815,MASTER,416,숟가락도구
3101,118,389,NULL,13,4794,MASTER,412,너와의아침은
3102,70,291,NULL,13,3891,MASTER,378,NOK3
3103,240,314,NULL,13,581,MASTER,348,앙유민
3104,93,269,NULL,13,4832,MASTER,341,HuyaDKaa
3105,330,325,NULL,13,4022,MASTER,341,째마
3106,183,301,NULL,13,528,MASTER,334,AeH
3107,159,308,NULL,13,4498,MASTER,327,와앙십리
3108,208,305,NULL,13,4562,MASTER,321,바르게살기로했다
3109,71,227,NULL,13,7,MASTER,296,최함몰
3110,62,191,NULL,13,4574,MASTER,275,shenxian
3111,92,204,NULL,13,4568,MASTER,269,마약사준호
3112,64,199,NULL,13,4832,MASTER,262,zhendeaini
3113,64,151,NULL,13,29,MASTER,232,도하은
3114,74,155,NULL,13,4815,MASTER,227,개도라이새끼
3115,97,173,NULL,13,4558,MASTER,221,김재윤fan
3116,57,130,NULL,13,2076,MASTER,200,인포우
3117,311,166,NULL,13,588,MASTER,181,Sinci
3118,169,139,NULL,13,1590,MASTER,174,Kamuse
3119,129,147,NULL,13,4568,MASTER,168,sp1it
3120,58,83,NULL,13,29,MASTER,144,평타싸개나와드싸개랑듀오안함
3121,271,93,NULL,13,4661,MASTER,118,KarunaOwO
3122,100,60,NULL,13,4779,MASTER,97,일로와서돈이되
3123,287,804,NULL,12,4831,MASTER,816,쉴드도구혐오자
3124,297,655,NULL,12,1151,MASTER,688,센스신
3125,272,678,NULL,12,4780,MASTER,684,허핑핑
3126,162,623,NULL,12,4069,MASTER,635,sweetpig
3127,304,477,NULL,12,1670,MASTER,580,안공대표존잘은석
3128,144,494,NULL,12,1387,MASTER,543,나의고저씨
3129,97,465,NULL,12,4832,MASTER,541,Donitgankme
3130,400,485,NULL,12,3161,MASTER,493,네스타
3131,297,427,NULL,12,3788,MASTER,474,윱이
3132,90,300,NULL,12,4780,MASTER,373,AFTV째로
3133,101,240,NULL,12,4535,MASTER,342,Kaihuade
3134,292,269,NULL,12,4483,MASTER,331,Schaden
3135,231,296,NULL,12,4548,MASTER,318,왕자야
3136,77,258,NULL,12,4495,MASTER,314,시러
3137,194,294,NULL,12,8,MASTER,300,KhanRnf
3138,135,245,NULL,12,4495,MASTER,287,널잊을수없어
3139,182,224,NULL,12,4763,MASTER,257,Sleepwalker
3140,131,222,NULL,12,1437,MASTER,237,asdfqwerzxcv99
3141,419,216,NULL,12,4815,MASTER,232,원딩러
3142,60,161,NULL,12,7,MASTER,228,zhaoAP4506303
3143,65,153,NULL,12,4561,MASTER,220,쥬레곤
3144,222,234,NULL,12,687,MASTER,215,모모
3145,589,178,NULL,12,4451,MASTER,198,PERFUM2
3146,53,103,NULL,12,29,MASTER,172,zzzzzzzzzzz1
3147,355,99,NULL,12,1427,MASTER,169,래디언트
3148,65,72,NULL,12,4691,MASTER,120,익일룡
3149,118,37,NULL,12,4691,MASTER,108,61407991
3150,45,41,NULL,12,1114,MASTER,101,챌서스
3151,186,88,NULL,12,4200,MASTER,101,서누에몽
3152,123,61,NULL,12,3377,MASTER,99,버모4용만든사람
3153,160,80,NULL,12,3868,MASTER,97,킥킥z
3154,331,1045,NULL,11,4557,MASTER,1061,Eureka
3155,327,1019,NULL,11,4026,MASTER,1014,Thangssle
3156,441,908,NULL,11,4659,MASTER,985,김민우노예1호
3157,167,767,NULL,11,4832,MASTER,845,Yukinee
3158,139,710,NULL,11,4780,MASTER,804,창세기12장3절
3159,446,685,NULL,11,4832,MASTER,689,지수fan1
3160,293,642,NULL,11,4641,MASTER,653,임반이
3161,321,512,NULL,11,3150,MASTER,611,프리코네페그오
3162,434,470,NULL,11,4657,MASTER,521,시비걸면누누함
3163,198,510,NULL,11,4832,MASTER,516,Vanxi
3164,136,445,NULL,11,3495,MASTER,509,rqk
3165,1,412,NULL,11,29,MASTER,496,SuneikuPeak
3166,198,430,NULL,11,4246,MASTER,491,트리플A형
3167,174,454,NULL,11,4668,MASTER,464,LMGY
3168,90,340,NULL,11,29,MASTER,404,20020316
3169,251,274,NULL,11,55,MASTER,374,사탕꾸러미
3170,358,244,NULL,11,3791,MASTER,341,시큼가득송노
3171,82,255,NULL,11,4764,MASTER,333,미드잘하는정글러
3172,119,308,NULL,11,1666,MASTER,323,승모근말파이트
3173,71,250,NULL,11,4781,MASTER,313,StriveLeave
3174,326,268,NULL,11,4763,MASTER,309,1Z345
3175,369,229,NULL,11,4833,MASTER,271,원딜들은아가야
3176,245,186,NULL,11,4815,MASTER,264,루니는골을누니
3177,182,209,NULL,11,3839,MASTER,253,카나비놀
3178,279,233,NULL,11,548,MASTER,251,이석회
3179,133,202,NULL,11,4636,MASTER,244,티모하기싫다
3180,308,230,NULL,11,3507,MASTER,244,김진세
3181,229,230,NULL,11,3795,MASTER,238,로밍가는쓰레쉬
3182,298,216,NULL,11,4568,MASTER,231,jasmine
3183,89,165,NULL,11,4,MASTER,222,담원캐니연
3184,53,132,NULL,11,23,MASTER,206,짐승왕보노보모
3185,194,181,NULL,11,4815,MASTER,186,멀해도지는사람
3186,105,133,NULL,11,4815,MASTER,171,원딜제가할께요
3187,200,151,NULL,11,3022,MASTER,165,세이미ToT
3188,48,89,NULL,11,3545,MASTER,152,만두QQ
3189,155,119,NULL,11,4363,MASTER,149,동물새끼
3190,60,77,NULL,11,4777,MASTER,148,Birdring
3191,222,80,NULL,11,16,MASTER,140,주겨놔그냥
3192,114,119,NULL,11,1135,MASTER,133,중앙젤리
3193,242,88,NULL,11,3458,MASTER,130,민트초코해장국
3194,131,38,NULL,11,4833,MASTER,127,qiuxtydowyegjhrt
3195,54,22,NULL,11,3839,MASTER,118,dgfonkdip
3196,313,111,NULL,11,4022,MASTER,118,파오오후
3197,45,19,NULL,11,1152,MASTER,105,5orry
3198,99,72,NULL,11,4248,MASTER,105,Mooooohe
3199,189,94,NULL,11,4027,MASTER,101,margana
3200,142,63,NULL,11,16,MASTER,97,인내의결정체1
3201,72,62,NULL,11,3521,MASTER,83,세체탐
3202,113,37,NULL,11,4404,MASTER,55,Sagarmatha
3203,162,30,NULL,11,3495,MASTER,39,센야
3204,494,902,NULL,10,4757,MASTER,927,프로게이머가꿈임
3205,185,900,NULL,10,3018,MASTER,908,영정다이아
3206,184,706,NULL,10,4832,MASTER,710,Egowoe
3207,282,652,NULL,10,4017,MASTER,687,Argon
3208,204,621,NULL,10,23,MASTER,639,DWG암Canyon
3209,129,575,NULL,10,4074,MASTER,595,loveIrelia
3210,115,542,NULL,10,4279,MASTER,587,정점파이크zzz
3211,174,496,NULL,10,4636,MASTER,499,규용띠용
3212,340,421,NULL,10,4416,MASTER,402,아무말없이게임
3213,488,328,NULL,10,4655,MASTER,342,지혜와꼬꼬마
3214,75,265,NULL,10,4450,MASTER,341,TOPMAlN
3215,120,198,NULL,10,4555,MASTER,259,LeCosmos
3216,133,151,NULL,10,3584,MASTER,256,공감해줘쓰니야
3217,246,171,NULL,10,4832,MASTER,235,개무리스타
3218,84,163,NULL,10,3868,MASTER,224,AFTaeSan
3219,212,190,NULL,10,4362,MASTER,211,모르가나만판다
3220,274,198,NULL,10,4763,MASTER,190,몽대지
3221,88,100,NULL,10,3787,MASTER,171,망걍파
3222,58,83,NULL,10,3540,MASTER,161,사닝
3223,63,109,NULL,10,4815,MASTER,161,을유빈갑미연
3224,167,107,NULL,10,4432,MASTER,160,강키코모리
3225,198,123,NULL,10,4550,MASTER,158,Eggy
3226,179,133,NULL,10,7,MASTER,152,경휘
3227,82,39,NULL,10,3840,MASTER,114,Rilli
3228,129,95,NULL,10,3875,MASTER,108,김승준전역못함
3229,55,41,NULL,10,4690,MASTER,102,Johanex
3230,124,62,NULL,10,4571,MASTER,79,직스점믿어줘
3231,294,22,NULL,10,4150,MASTER,45,Tooda
3232,178,904,NULL,9,4691,MASTER,903,YourYesterday
3233,338,662,NULL,9,4638,MASTER,664,Ojak
3234,360,494,NULL,9,7,MASTER,513,겨울초
3235,249,485,NULL,9,18,MASTER,499,홍코노1
3236,287,463,NULL,9,4660,MASTER,477,Ddushiman
3237,326,360,NULL,9,4025,MASTER,392,SometimeIFeel
3238,115,359,NULL,9,4555,MASTER,367,우유괴물
3239,345,329,NULL,9,3369,MASTER,356,리셉
3240,63,211,NULL,9,19,MASTER,288,wfwCho
3241,163,267,NULL,9,4249,MASTER,285,고단비
3242,122,175,NULL,9,5,MASTER,262,LikecvMax
3243,70,146,NULL,9,23,MASTER,217,루미아틴젤
3244,121,180,NULL,9,4660,MASTER,211,bluee
3245,586,154,NULL,9,588,MASTER,206,갱오면트월킹잘춤
3246,320,181,NULL,9,1114,MASTER,201,기분이유리유리
3247,76,113,NULL,9,4779,MASTER,189,나좀이겨줘
3248,60,84,NULL,9,4691,MASTER,164,데스윙칩
3249,206,146,NULL,9,4027,MASTER,160,저탄수화물고지방
3250,92,93,NULL,9,4777,MASTER,108,Malr4ng
3251,116,64,NULL,9,4779,MASTER,93,드롭박스
3252,454,880,NULL,8,4828,MASTER,883,매사에긍정
3253,309,723,NULL,8,3456,MASTER,757,왕춘식
3254,242,400,NULL,8,4553,MASTER,406,sadzvdsf
3255,292,356,NULL,8,4419,MASTER,381,김김진진효효
3256,335,272,NULL,8,4779,MASTER,290,나혼자만솔랭업
3257,83,169,NULL,8,4496,MASTER,251,Limitedtime
3258,57,99,NULL,8,4666,MASTER,178,nmqbwrwbn
3259,52,92,NULL,8,12,MASTER,167,Lindsey3
3260,243,123,NULL,8,4745,MASTER,157,안녕하세여히
3261,48,51,NULL,8,29,MASTER,119,Kamui2e
3262,88,78,NULL,8,7,MASTER,109,디에이드fan
3263,117,47,NULL,8,4832,MASTER,72,미드라이너정우
3264,473,31,NULL,8,3838,MASTER,61,끄눙
3265,139,387,NULL,7,4691,MASTER,405,MizuharaChizuru
3266,78,307,NULL,7,4667,MASTER,361,이브이2
3267,312,204,NULL,7,4022,MASTER,241,재능이사라진나이
3268,213,174,NULL,7,4426,MASTER,196,항상잘하려해
3269,92,135,NULL,7,3859,MASTER,188,아프리카tv목다빈
3270,53,76,NULL,7,4540,MASTER,148,xiaoziyue
3271,217,23,NULL,7,1670,MASTER,34,YOUSONOJAM
3272,231,954,NULL,6,4074,MASTER,994,IllllIIIllIlIll
3273,197,506,NULL,6,4780,MASTER,539,PPLOVE3
3274,321,380,NULL,6,4705,MASTER,384,GenGBingo
3275,295,357,NULL,6,4763,MASTER,374,부정탄계정
3276,390,314,NULL,6,4661,MASTER,308,Sayme
3277,66,212,NULL,6,4832,MASTER,270,weiyuchoumou
3278,365,250,NULL,6,23,MASTER,268,R4di
3279,248,246,NULL,6,532,MASTER,264,최건전1
3280,174,153,NULL,6,4535,MASTER,164,zodls
3281,220,90,NULL,6,4784,MASTER,133,만보야밥먹자
3282,67,106,NULL,6,4482,MASTER,129,부케잭스
3283,583,823,NULL,5,3493,MASTER,866,지구본
3284,383,687,NULL,5,4707,MASTER,712,담원의롤드컵우승
3285,310,522,NULL,5,4427,MASTER,522,HolicJayce
3286,202,381,NULL,5,984,MASTER,384,연초보
3287,156,278,NULL,5,543,MASTER,320,세계최강르블랑
3288,213,254,NULL,5,3788,MASTER,275,Neth3rworld
3289,64,218,NULL,5,4660,MASTER,264,nextadneedjg
3290,131,93,NULL,5,20,MASTER,250,쌀밥위에삼겹살
3291,166,191,NULL,5,3864,MASTER,208,평범플레이어
3292,115,125,NULL,5,4832,MASTER,180,백할
3293,111,115,NULL,5,4777,MASTER,137,나는우월하다
3294,163,76,NULL,5,4764,MASTER,93,원딜버러지새끼야
3295,307,919,NULL,4,4815,MASTER,921,M1thras
3296,318,854,NULL,4,4568,MASTER,877,귀여운티모서폿
3297,431,433,NULL,4,4068,MASTER,488,BANGGUK
3298,246,404,NULL,4,4832,MASTER,442,포기안해
3299,368,410,NULL,4,4777,MASTER,428,비가오고나면
3300,272,386,NULL,4,4561,MASTER,387,PolyPuff
3301,188,331,NULL,4,4656,MASTER,349,kxxxxxx
3302,72,204,NULL,4,4765,MASTER,269,Mercylove
3303,196,209,NULL,4,4284,MASTER,238,왕창부셔다부셔
3304,85,186,NULL,4,4815,MASTER,211,Timeisthecoin
3305,105,163,NULL,4,4246,MASTER,196,더나은곳으로
3306,272,97,NULL,4,4815,MASTER,122,다딱이무빙전문가
3307,62,73,NULL,4,4663,MASTER,112,IroGGori
3308,45,36,NULL,4,4832,MASTER,98,첼린저460포인트
3309,276,882,NULL,3,4803,MASTER,865,나쁜말하면차단
3310,227,722,NULL,3,4835,MASTER,806,문호스트레이독스
3311,138,655,NULL,3,4589,MASTER,666,끌리지마라1
3312,113,564,NULL,3,4302,MASTER,642,babylce
3313,265,358,NULL,3,4815,MASTER,381,바보똥
3314,85,194,NULL,3,9,MASTER,226,애기정글둘리
3315,70,109,NULL,3,4815,MASTER,175,asaasaaas
3316,346,538,NULL,2,4815,MASTER,541,lIIIIlIlllIlIlI
3317,257,448,NULL,2,4782,MASTER,538,흥에응우옌
3318,144,491,NULL,2,4834,MASTER,526,Wxxm
3319,162,304,NULL,2,1428,MASTER,392,헬스5년차
3320,219,283,NULL,2,4815,MASTER,326,커피먹고스케일링
3321,100,213,NULL,2,4777,MASTER,255,HyunJunLee
3322,58,156,NULL,2,4832,MASTER,223,cj17
3323,207,83,NULL,2,4690,MASTER,113,이야공
3324,498,1718,NULL,1,4568,MASTER,1737,태화센세
3325,221,1628,NULL,1,4690,MASTER,1682,ZeroNEI
3326,279,1640,NULL,1,4492,MASTER,1610,yunqicha
3327,369,1367,NULL,1,7,MASTER,1417,탑패왕우태화
3328,280,1207,NULL,1,3016,MASTER,1248,웨이모
3329,589,1227,NULL,1,3102,MASTER,1232,대충하면겜이김
3330,489,1061,NULL,1,4807,MASTER,1094,뀨빈
3331,483,1027,NULL,1,3610,MASTER,1036,공기팡화자
3332,458,996,NULL,1,984,MASTER,1004,롤접는게작년목표
3333,427,977,NULL,1,4070,MASTER,977,rAweas
3334,448,982,NULL,1,542,MASTER,977,Katira
3335,308,904,NULL,1,3879,MASTER,911,될사람은pig
3336,157,839,NULL,1,4787,MASTER,910,가향잉
3337,417,871,NULL,1,4642,MASTER,895,DirtyChina
3338,198,823,NULL,1,3804,MASTER,882,xinshenchuqu
3339,337,822,NULL,1,588,MASTER,862,KAGEL
3340,294,842,NULL,1,3790,MASTER,838,PAN1C
3341,281,818,NULL,1,4832,MASTER,826,그럼우짤낀데
3342,153,777,NULL,1,3592,MASTER,816,zzhismyson
3343,332,801,NULL,1,4706,MASTER,811,써큘러오피투
3344,336,747,NULL,1,1438,MASTER,793,태광고양희민
3345,419,717,NULL,1,4832,MASTER,780,졸려죽겠다진짜
3346,317,721,NULL,1,6,MASTER,771,전민초가무서워요
3347,294,750,NULL,1,3536,MASTER,759,다리우스로챌까지
3348,128,708,NULL,1,4569,MASTER,758,gouprank
3349,386,757,NULL,1,4763,MASTER,758,마산몽키스패너
3350,440,749,NULL,1,4815,MASTER,750,JiYeonFans
3351,317,703,NULL,1,839,MASTER,741,짱개랑겜안함
3352,467,737,NULL,1,546,MASTER,741,Lpip
3353,355,697,NULL,1,1626,MASTER,709,안녕정원
3354,404,678,NULL,1,590,MASTER,699,QydQyd
3355,344,691,NULL,1,779,MASTER,691,오늘괜찮아
3356,186,652,NULL,1,4787,MASTER,686,식혜먹방
3357,320,667,NULL,1,3591,MASTER,666,뿔시우
3358,148,606,NULL,1,4762,MASTER,660,응냠머함니까
3359,125,606,NULL,1,4759,MASTER,643,클로비
3360,542,592,NULL,1,3858,MASTER,637,일단쏘리요
3361,208,632,NULL,1,4660,MASTER,636,볼만한드라마
3362,114,632,NULL,1,4568,MASTER,628,SlowForSure
3363,148,565,NULL,1,4021,MASTER,625,DWG김찬호
3364,327,585,NULL,1,4065,MASTER,616,Twitch조우지1
3365,108,561,NULL,1,4568,MASTER,611,zoegalio
3366,266,598,NULL,1,21,MASTER,607,FLM
3367,145,528,NULL,1,4027,MASTER,602,nonmainstream
3368,105,529,NULL,1,18,MASTER,602,얹혀가는원딜러
3369,192,587,NULL,1,4240,MASTER,594,돈다
3370,274,530,NULL,1,4815,MASTER,593,차가운티모
3371,181,530,NULL,1,4690,MASTER,587,내가좀더잘하면돼
3372,221,555,NULL,1,23,MASTER,575,오천수
3373,109,498,NULL,1,4764,MASTER,572,Doversya
3374,268,532,NULL,1,4557,MASTER,558,딩거의신
3375,168,501,NULL,1,4834,MASTER,557,Shaichopass
3376,216,496,NULL,1,4787,MASTER,531,탑신병자노지웅
3377,107,417,NULL,1,4760,MASTER,529,성중구리구라
3378,361,486,NULL,1,4426,MASTER,527,저급한놈들
3379,235,515,NULL,1,968,MASTER,520,돌앗뇌
3380,341,507,NULL,1,23,MASTER,511,소리열매
3381,273,468,NULL,1,3791,MASTER,505,botgamecanwin
3382,202,487,NULL,1,4249,MASTER,505,나만잘하면챌린저
3383,106,413,NULL,1,3542,MASTER,501,난밤
3384,106,466,NULL,1,4626,MASTER,497,생각을모태요
3385,157,420,NULL,1,839,MASTER,491,aH미디진백정련들
3386,96,413,NULL,1,4665,MASTER,487,shuke1
3387,104,414,NULL,1,6,MASTER,485,AntofAtreus
3388,152,434,NULL,1,1457,MASTER,479,김테양
3389,101,485,NULL,1,4832,MASTER,474,opppppppppppp
3390,89,377,NULL,1,1378,MASTER,467,lpIplpIp
3391,297,441,NULL,1,7,MASTER,466,y0man
3392,199,416,NULL,1,23,MASTER,464,루키쵸비
3393,146,455,NULL,1,4027,MASTER,455,이스굿
3394,239,432,NULL,1,1340,MASTER,454,HUYATVXiJinping
3395,196,410,NULL,1,4785,MASTER,453,탈모아니라규
3396,222,382,NULL,1,4425,MASTER,452,타셔
3397,131,395,NULL,1,588,MASTER,452,헬쓰크럽
3398,98,371,NULL,1,3899,MASTER,449,SherryGod
3399,87,373,NULL,1,4832,MASTER,434,3빠
3400,87,328,NULL,1,7,MASTER,429,My16Career
3401,129,370,NULL,1,4787,MASTER,422,Haruro
3402,244,389,NULL,1,4534,MASTER,421,탐켄치이성조
3403,310,393,NULL,1,4804,MASTER,411,안녕난준형
3404,85,339,NULL,1,7,MASTER,409,ganktop
3405,86,330,NULL,1,7,MASTER,408,변비걸린탑
3406,195,349,NULL,1,6,MASTER,406,비상구길막
3407,118,353,NULL,1,4783,MASTER,403,리픔
3408,127,269,NULL,1,4022,MASTER,402,초밥이좋아요
3409,101,312,NULL,1,4026,MASTER,397,날찾을수없어
3410,289,354,NULL,1,3873,MASTER,393,AppleBlue
3411,89,320,NULL,1,20,MASTER,389,River77
3412,82,304,NULL,1,7,MASTER,387,힘찬장어
3413,215,365,NULL,1,982,MASTER,386,교양과목
3414,157,325,NULL,1,4630,MASTER,383,VilleMentality
3415,117,360,NULL,1,4783,MASTER,383,yigefeiwu
3416,94,303,NULL,1,4764,MASTER,380,형들멘탈좀
3417,512,350,NULL,1,1445,MASTER,379,꼬그
3418,283,334,NULL,1,3861,MASTER,378,HapRyuplz
3419,295,384,NULL,1,4778,MASTER,377,왓따딸기맛
3420,83,297,NULL,1,4834,MASTER,374,taevvon
3421,111,351,NULL,1,4832,MASTER,368,qingq
3422,372,354,NULL,1,4626,MASTER,364,짬에서나오는솔킬
3423,96,295,NULL,1,4666,MASTER,361,내몸에서꺼져압도
3424,197,288,NULL,1,4655,MASTER,359,냐미공듀
3425,417,330,NULL,1,4559,MASTER,358,폴루
3426,190,325,NULL,1,4022,MASTER,352,엘리스코치
3427,92,257,NULL,1,4568,MASTER,349,myomaok
3428,74,273,NULL,1,4815,MASTER,348,고요히사무치는
3429,86,267,NULL,1,29,MASTER,347,창우유
3430,256,324,NULL,1,3556,MASTER,345,큐찍어줄래
3431,147,311,NULL,1,745,MASTER,339,Enosh
3432,252,320,NULL,1,4847,MASTER,339,이게무슨일이지
3433,83,276,NULL,1,4533,MASTER,338,RueLOwO
3434,231,253,NULL,1,1135,MASTER,332,Desarrollo
3435,217,318,NULL,1,575,MASTER,328,증폭이어디갔지
3436,109,247,NULL,1,4070,MASTER,327,댕굴빈둥
3437,66,292,NULL,1,3785,MASTER,326,왕자지넌
3438,422,310,NULL,1,1392,MASTER,325,Twitch망이
3439,147,283,NULL,1,4533,MASTER,317,Zhuimegc
3440,84,280,NULL,1,7,MASTER,316,에버가든후욱후욱
3441,157,299,NULL,1,982,MASTER,314,유용중
3442,190,261,NULL,1,4834,MASTER,312,댕실댕실이
3443,173,252,NULL,1,4244,MASTER,308,PC방키보드도둑
3444,294,252,NULL,1,4425,MASTER,301,솔킬본능
3445,129,266,NULL,1,3781,MASTER,301,허므
3446,90,256,NULL,1,23,MASTER,299,누구도날막G모텔
3447,106,282,NULL,1,1211,MASTER,299,WildLee
3448,176,233,NULL,1,4363,MASTER,298,서폿인권운동가
3449,146,228,NULL,1,4780,MASTER,297,노영진사냥개
3450,166,274,NULL,1,4568,MASTER,297,CheeseOmelet
3451,414,257,NULL,1,4353,MASTER,296,향깃
3452,189,267,NULL,1,4022,MASTER,295,꽃을피울래요
3453,160,283,NULL,1,1438,MASTER,294,냄기뱀
3454,248,272,NULL,1,4765,MASTER,293,준녕이
3455,134,273,NULL,1,6,MASTER,293,추운
3456,210,313,NULL,1,4568,MASTER,292,s1khye
3457,84,263,NULL,1,6,MASTER,291,Clearlove233
3458,229,242,NULL,1,4022,MASTER,290,엔터키뽑은남자
3459,239,289,NULL,1,4706,MASTER,290,본준
3460,77,210,NULL,1,29,MASTER,288,블랙고기
3461,245,275,NULL,1,4560,MASTER,288,KidMilli
3462,102,227,NULL,1,4710,MASTER,281,KANAVI내몸에서나가
3463,69,266,NULL,1,6,MASTER,280,YuNgBrAtZ17
3464,65,202,NULL,1,4779,MASTER,276,정점의피지컬
3465,286,260,NULL,1,1445,MASTER,273,원딜하맨
3466,76,246,NULL,1,4832,MASTER,268,이현이댜
3467,209,262,NULL,1,4659,MASTER,268,VLNSriejm
3468,64,198,NULL,1,4568,MASTER,267,dongxiaNamiking
3469,73,195,NULL,1,4820,MASTER,266,MuRim
3470,96,191,NULL,1,7,MASTER,264,haapygame
3471,69,186,NULL,1,4781,MASTER,263,fuxinggaozhao
3472,75,188,NULL,1,4832,MASTER,259,칼날부리사랑해
3473,141,221,NULL,1,3630,MASTER,258,날뜩한칼
3474,73,197,NULL,1,23,MASTER,257,AkiAdagaki
3475,176,240,NULL,1,712,MASTER,257,그시절이그립다
3476,71,195,NULL,1,4779,MASTER,255,JUG20TIAOZHAN
3477,178,242,NULL,1,4568,MASTER,255,IllIlllIIlIlIIl
3478,141,223,NULL,1,4248,MASTER,252,20191122윤
3479,116,235,NULL,1,657,MASTER,249,구원받은리븐탑
3480,421,238,NULL,1,3150,MASTER,249,이샨
3481,246,222,NULL,1,4815,MASTER,247,응물어봤어
3482,70,156,NULL,1,7,MASTER,246,Hail1
3483,167,178,NULL,1,4568,MASTER,246,태강아지
3484,78,179,NULL,1,4798,MASTER,245,zhayeyongxin
3485,79,193,NULL,1,4779,MASTER,245,IllIIIlIIlIIIl
3486,221,220,NULL,1,4832,MASTER,244,고침
3487,63,186,NULL,1,4760,MASTER,241,즐거운학교
3488,203,230,NULL,1,982,MASTER,240,1grr2
3489,67,192,NULL,1,7,MASTER,239,려창동입니다
3490,75,150,NULL,1,3839,MASTER,236,DRXhalf
3491,65,155,NULL,1,4832,MASTER,236,녹서스장군님
3492,82,168,NULL,1,4711,MASTER,235,xiarideweifeng
3493,66,149,NULL,1,4301,MASTER,233,서포터탑유저
3494,59,152,NULL,1,1438,MASTER,227,딱붕이
3495,350,154,NULL,1,3545,MASTER,225,s급판테온
3496,61,155,NULL,1,4832,MASTER,222,SamsonRex
3497,226,130,NULL,1,1387,MASTER,221,술사
3498,64,156,NULL,1,939,MASTER,220,밀림킹
3499,281,200,NULL,1,4779,MASTER,213,수달커여워
3500,216,197,NULL,1,4815,MASTER,210,문디딩
3501,162,165,NULL,1,539,MASTER,207,대마왕번개썬더
3502,108,177,NULL,1,4630,MASTER,204,Stone95
3503,53,125,NULL,1,4707,MASTER,193,DWGSangchu
3504,54,125,NULL,1,4711,MASTER,192,Squire
3505,168,116,NULL,1,4649,MASTER,189,찰싹도토리묵
3506,60,120,NULL,1,7,MASTER,188,likepig777
3507,53,122,NULL,1,23,MASTER,187,LastXuan
3508,282,167,NULL,1,4568,MASTER,184,포기하지마세여
3509,55,107,NULL,1,4832,MASTER,179,T1LoLJJang
3510,60,110,NULL,1,4760,MASTER,176,DoxxTz
3511,57,160,NULL,1,4658,MASTER,176,FujimotoRyo
3512,49,98,NULL,1,938,MASTER,175,Shadows1
3513,181,137,NULL,1,3505,MASTER,172,침착관용성실품위
3514,269,151,NULL,1,4070,MASTER,172,영훈이의모험
3515,305,172,NULL,1,4515,MASTER,172,허징어링
3516,436,150,NULL,1,4655,MASTER,167,백화요랑
3517,77,90,NULL,1,4533,MASTER,166,Ruler
3518,63,92,NULL,1,7,MASTER,166,아슬꽃
3519,118,115,NULL,1,3632,MASTER,164,deafwannabe
3520,297,156,NULL,1,4405,MASTER,164,누럼프
3521,137,123,NULL,1,3591,MASTER,157,Heimishhentai
3522,156,131,NULL,1,4419,MASTER,157,zvvzz
3523,306,111,NULL,1,4295,MASTER,148,먈랑이
3524,235,134,NULL,1,4427,MASTER,147,조이냠
3525,220,118,NULL,1,4763,MASTER,145,nobonobo
3526,377,87,NULL,1,4835,MASTER,142,ILUVIT
3527,151,111,NULL,1,906,MASTER,139,DingDing
3528,151,126,NULL,1,3587,MASTER,138,용접공펭구
3529,60,100,NULL,1,4026,MASTER,137,내셔피즈장인
3530,43,62,NULL,1,23,MASTER,134,heewon
3531,92,104,NULL,1,4568,MASTER,131,나농
3532,57,61,NULL,1,666,MASTER,130,나를붙잡지마라
3533,52,66,NULL,1,29,MASTER,130,응냠이의파트라슈
3534,63,51,NULL,1,4778,MASTER,123,잉어킹4세
3535,53,64,NULL,1,4802,MASTER,123,94MIDKING
3536,4,98,NULL,1,29,MASTER,123,dolcasa
3537,59,50,NULL,1,7,MASTER,122,사랑하다jiaojiao
3538,285,95,NULL,1,4414,MASTER,122,말랑이특공대
3539,60,62,NULL,1,4568,MASTER,120,그걸왜못맞추지
3540,112,89,NULL,1,0,MASTER,119,해야할뿐
3541,279,91,NULL,1,3008,MASTER,118,Or기하프물범
3542,72,48,NULL,1,1298,MASTER,117,SKTT1Closer
3543,137,70,NULL,1,3826,MASTER,112,GwangChae
3544,316,89,NULL,1,1455,MASTER,112,짱또삐
3545,117,46,NULL,1,4629,MASTER,104,이헤헷어
3546,72,67,NULL,1,3160,MASTER,104,danche
3547,168,72,NULL,1,4759,MASTER,102,세화
3548,154,69,NULL,1,13,MASTER,99,노뷸레스
3549,41,37,NULL,1,4568,MASTER,94,시간의숲
3550,346,56,NULL,1,4658,MASTER,89,미쳐버린주지태
3551,142,64,NULL,1,4787,MASTER,87,MWNNWM
3552,75,59,NULL,1,4568,MASTER,85,아파도롤하는친구
3553,421,51,NULL,1,4100,MASTER,84,쿠키아침밥주세요
3554,47,26,NULL,1,20,MASTER,82,숟가락의로망
3555,44,42,NULL,1,4832,MASTER,76,Youtube푸조
3556,64,47,NULL,1,7,MASTER,75,dnxo
3557,111,55,NULL,1,4764,MASTER,75,안드로메다QAQ
3558,70,52,NULL,1,7,MASTER,74,재두기
3559,296,36,NULL,1,4784,MASTER,71,김케쟝
3560,82,31,NULL,1,1211,MASTER,69,중사안영민
3561,48,37,NULL,1,3810,MASTER,67,아트록스그자체
3562,38,30,NULL,1,4832,MASTER,66,qingxun98k468
3563,38,26,NULL,1,3542,MASTER,53,준배치
3564,39,20,NULL,1,23,MASTER,46,즐팡
3565,43,14,NULL,1,4814,MASTER,35,아트록스전
3566,773,1923,NULL,0,17,MASTER,1900,김눌엉
3567,329,1754,NULL,0,4833,MASTER,1741,longaotian1
3568,636,1661,NULL,0,23,MASTER,1644,fought
3569,619,1523,NULL,0,4833,MASTER,1519,예현
3570,498,1541,NULL,0,4661,MASTER,1490,좀비클레드
3571,238,1342,NULL,0,4783,MASTER,1378,IcyResurrection
3572,516,1362,NULL,0,3879,MASTER,1368,데스노트
3573,501,1350,NULL,0,4779,MASTER,1346,V돼지사냥꾼
3574,196,1269,NULL,0,4806,MASTER,1326,범서고갤러리
3575,234,1264,NULL,0,4787,MASTER,1312,치료해줘
3576,204,1304,NULL,0,4786,MASTER,1278,ChenWeiT1ng
3577,202,1237,NULL,0,7,MASTER,1248,Keepcalm4ever
3578,339,1184,NULL,0,4787,MASTER,1201,톱갭
3579,467,1174,NULL,0,4815,MASTER,1191,탁론
3580,556,1151,NULL,0,3868,MASTER,1182,EG4NG
3581,338,1174,NULL,0,4765,MASTER,1180,말은하늘을달려
3582,256,1119,NULL,0,4417,MASTER,1149,조범철
3583,388,1107,NULL,0,4815,MASTER,1137,망소이의난
3584,190,1074,NULL,0,4249,MASTER,1135,JaxCalibur
3585,334,1113,NULL,0,4831,MASTER,1113,AuSyliL
3586,315,1110,NULL,0,4834,MASTER,1098,HUYATVOsori
3587,552,1080,NULL,0,4833,MASTER,1091,chick
3588,171,995,NULL,0,19,MASTER,1066,Lifeline100
3589,159,1061,NULL,0,3478,MASTER,1058,Saygoodbyeee
3590,570,1050,NULL,0,873,MASTER,1048,SD긴담캡슐파이
3591,173,961,NULL,0,4832,MASTER,1046,HUYATVBOBO
3592,383,989,NULL,0,4657,MASTER,1043,StarOfNightSky
3593,281,1004,NULL,0,4665,MASTER,1012,내가졌다죽여라
3594,296,999,NULL,0,4815,MASTER,1004,Huileyouxi
3595,421,959,NULL,0,4550,MASTER,981,대화한마디안함
3596,564,959,NULL,0,3237,MASTER,957,CCumulus
3597,273,934,NULL,0,23,MASTER,945,ELPA1
3598,161,852,NULL,0,3018,MASTER,941,CuteLuu
3599,251,937,NULL,0,933,MASTER,940,쥐배자
3600,315,936,NULL,0,4540,MASTER,935,누운길
3601,269,828,NULL,0,4707,MASTER,925,유철순
3602,377,866,NULL,0,3233,MASTER,921,날다날다날다날다
3603,448,903,NULL,0,1667,MASTER,916,완생을꿈꾸는미생
3604,412,915,NULL,0,1152,MASTER,903,끼없는연습벌레
3605,839,893,NULL,0,3790,MASTER,895,메다꽂아
3606,482,892,NULL,0,4658,MASTER,892,StormWay
3607,164,874,NULL,0,4832,MASTER,882,Sonder9
3608,143,812,NULL,0,4411,MASTER,877,찌교수님
3609,441,844,NULL,0,4784,MASTER,852,세계최고제라스
3610,144,769,NULL,0,7,MASTER,846,killtheone
3611,728,847,NULL,0,3839,MASTER,836,천꽃
3612,339,838,NULL,0,4417,MASTER,827,목련아기다릴게
3613,174,767,NULL,0,4815,MASTER,826,원딜로마스터찍음
3614,393,794,NULL,0,906,MASTER,824,푸식이
3615,210,818,NULL,0,4763,MASTER,824,오픈공포증
3616,181,812,NULL,0,4777,MASTER,823,baibaishizhu
3617,446,822,NULL,0,4807,MASTER,820,theshy더샤이
3618,184,803,NULL,0,1637,MASTER,813,SodaBoyCrack
3619,227,723,NULL,0,4835,MASTER,806,문호스트레이독스
3620,404,792,NULL,0,4832,MASTER,803,pokong
3621,135,763,NULL,0,4781,MASTER,802,Dnzz
3622,136,728,NULL,0,4763,MASTER,793,Depression20
3623,560,775,NULL,0,1456,MASTER,769,착한색깔
3624,190,738,NULL,0,3160,MASTER,767,스케리
3625,139,699,NULL,0,1625,MASTER,761,태훈
3626,628,722,NULL,0,2092,MASTER,756,믹스테이프
3627,274,701,NULL,0,4832,MASTER,751,문수야
3628,138,662,NULL,0,3379,MASTER,749,치킨못먹어본사람
3629,159,726,NULL,0,4815,MASTER,749,Repeater
3630,226,714,NULL,0,19,MASTER,743,쎄쎄유
3631,578,726,NULL,0,3826,MASTER,741,xioyuki
3632,167,735,NULL,0,508,MASTER,736,K4sper
3633,418,714,NULL,0,4419,MASTER,735,고속연사포바드
3634,283,705,NULL,0,4815,MASTER,733,991228
3635,304,671,NULL,0,1387,MASTER,727,가대여신채예린
3636,291,709,NULL,0,4815,MASTER,717,특이한아이디
3637,121,632,NULL,0,4764,MASTER,707,반보
3638,118,629,NULL,0,7,MASTER,704,LightningThunder
3639,164,692,NULL,0,839,MASTER,700,Permanent
3640,122,651,NULL,0,4568,MASTER,698,아기곰
3641,147,618,NULL,0,4781,MASTER,681,RagdoII
3642,243,657,NULL,0,4784,MASTER,681,문어속타코야키
3643,448,655,NULL,0,4510,MASTER,675,2HJ
3644,122,593,NULL,0,4631,MASTER,667,Musix
3645,179,631,NULL,0,7,MASTER,666,IllllIIIIIlIlII
3646,145,655,NULL,0,4568,MASTER,664,ouyangfeng
3647,534,635,NULL,0,4210,MASTER,663,서쿤서쿤
3648,319,621,NULL,0,2087,MASTER,656,whywhywhywhywhy
3649,352,632,NULL,0,4815,MASTER,656,축복받는탑
3650,378,650,NULL,0,23,MASTER,654,Podvod
3651,298,618,NULL,0,4832,MASTER,653,KorJJ
3652,145,584,NULL,0,4832,MASTER,652,잘해보자Tlqkf
3653,124,609,NULL,0,3150,MASTER,649,희림
3654,270,608,NULL,0,3601,MASTER,645,명예탑솔러
3655,399,624,NULL,0,29,MASTER,644,적팀버스기사
3656,172,611,NULL,0,4242,MASTER,635,이해석2
3657,495,573,NULL,0,3591,MASTER,634,몽몽이레오
3658,261,608,NULL,0,4087,MASTER,630,NlSA
3659,101,544,NULL,0,17,MASTER,626,DongGuan
3660,324,623,NULL,0,3810,MASTER,626,쥐린내
3661,154,531,NULL,0,4832,MASTER,619,박대정
3662,354,597,NULL,0,4561,MASTER,619,오리엔테이션
3663,341,598,NULL,0,4450,MASTER,616,깐지닉
3664,300,570,NULL,0,937,MASTER,612,떡을꿀떡꿀떡
3665,175,575,NULL,0,4568,MASTER,612,1Byeongminseok
3666,542,603,NULL,0,3521,MASTER,609,요트마스터713
3667,420,532,NULL,0,4844,MASTER,606,CF
3668,141,492,NULL,0,23,MASTER,601,2렙갱가는중
3669,149,566,NULL,0,1395,MASTER,599,3514001del
3670,141,577,NULL,0,4568,MASTER,593,생고등어
3671,327,511,NULL,0,4764,MASTER,592,이제가렌은죽었다
3672,442,543,NULL,0,4803,MASTER,592,Luminshield
3673,116,503,NULL,0,25,MASTER,589,WoxihUaniu
3674,116,523,NULL,0,4647,MASTER,585,YiFangT0ngXing
3675,276,576,NULL,0,685,MASTER,582,어린이즈
3676,100,513,NULL,0,3839,MASTER,581,샹어는쫑긋
3677,450,580,NULL,0,4842,MASTER,580,Catismylife
3678,39,554,NULL,0,685,MASTER,576,크냐
3679,115,505,NULL,0,4562,MASTER,572,고개둘려
3680,476,554,NULL,0,4072,MASTER,570,젤리먹고바운스
3681,101,495,NULL,0,0,MASTER,569,lebraca
3682,118,536,NULL,0,4661,MASTER,569,니고립이제일아파
3683,375,552,NULL,0,2077,MASTER,569,점화든그브
3684,357,508,NULL,0,4568,MASTER,564,요쿄의친구
3685,371,524,NULL,0,4610,MASTER,564,Amnene
3686,171,540,NULL,0,4755,MASTER,560,Denaeil
3687,240,522,NULL,0,4826,MASTER,559,허세녀
3688,229,530,NULL,0,3018,MASTER,558,HLEDeft007
3689,434,535,NULL,0,4655,MASTER,558,lionb
3690,105,487,NULL,0,4815,MASTER,557,또또쿠키
3691,100,503,NULL,0,4796,MASTER,555,huijiaguonian
3692,233,546,NULL,0,4560,MASTER,552,요들망치방패
3693,99,473,NULL,0,4368,MASTER,551,S5C1SION
3694,447,451,NULL,0,3460,MASTER,550,케이틀민
3695,235,510,NULL,0,4832,MASTER,548,도구폭행범
3696,463,523,NULL,0,4835,MASTER,548,고기먹어신난민아
3697,242,539,NULL,0,4759,MASTER,546,Gurenge
3698,129,461,NULL,0,19,MASTER,543,난콘푸라이트
3699,119,470,NULL,0,4808,MASTER,542,Lv1세구리
3700,438,503,NULL,0,1625,MASTER,542,봇쪽
3701,218,528,NULL,0,4690,MASTER,539,정해진결말
3702,291,536,NULL,0,4855,MASTER,539,기도하는현우
3703,111,502,NULL,0,25,MASTER,538,마음을다잡다1
3704,357,508,NULL,0,3541,MASTER,538,DeathScythe
3705,129,448,NULL,0,4569,MASTER,536,민호
3706,94,472,NULL,0,4778,MASTER,536,BabyHong2
3707,179,515,NULL,0,4802,MASTER,536,미친듯이파이팅5
3708,316,486,NULL,0,3859,MASTER,534,credibl2
3709,174,488,NULL,0,0,MASTER,532,FNB3P
3710,96,459,NULL,0,4835,MASTER,528,순수실력2000점
3711,300,469,NULL,0,904,MASTER,528,죽여이간나쉔끼
3712,150,507,NULL,0,1392,MASTER,528,qcsj
3713,245,440,NULL,0,1625,MASTER,526,블뤠엑
3714,210,450,NULL,0,4779,MASTER,526,너의우주
3715,123,478,NULL,0,3228,MASTER,525,닥닥이들다죽어
3716,418,517,NULL,0,4555,MASTER,520,s1mple
3717,196,437,NULL,0,3160,MASTER,518,SolarPanic
3718,265,486,NULL,0,4780,MASTER,514,botnospell
3719,259,498,NULL,0,4815,MASTER,514,조보아fans
3720,161,381,NULL,0,4568,MASTER,510,참교육의표본
3721,152,469,NULL,0,4799,MASTER,510,소로베리아데빌룩
3722,314,490,NULL,0,4804,MASTER,510,한다면하는한국남
3723,341,497,NULL,0,4834,MASTER,509,왜그랬던거지
3724,230,471,NULL,0,3587,MASTER,508,Rayn0r
3725,395,501,NULL,0,4550,MASTER,504,AFDread
3726,91,454,NULL,0,23,MASTER,502,잉옥경
3727,284,474,NULL,0,3505,MASTER,502,각도기그라가스
3728,227,507,NULL,0,4657,MASTER,502,넥서스남아있다
3729,215,478,NULL,0,3609,MASTER,501,chuiziwuni
3730,113,409,NULL,0,4815,MASTER,500,Twitch우왁굳
3731,250,473,NULL,0,3379,MASTER,497,따아아악
3732,423,483,NULL,0,4832,MASTER,497,우울증서포터
3733,137,377,NULL,0,67,MASTER,493,카나츄
3734,117,427,NULL,0,4568,MASTER,491,Fromsuntomoon
3735,107,412,NULL,0,4303,MASTER,490,국대세트
3736,431,434,NULL,0,4068,MASTER,488,BANGGUK
3737,419,448,NULL,0,3804,MASTER,488,빛보다빠른합류
3738,38,467,NULL,0,4832,MASTER,488,혼원
3739,198,388,NULL,0,691,MASTER,487,찹쌀꿀약과
3740,199,474,NULL,0,26,MASTER,482,개애고오수우
3741,202,460,NULL,0,4652,MASTER,481,evilevol
3742,254,431,NULL,0,4815,MASTER,479,민준멩
3743,176,437,NULL,0,4804,MASTER,473,Sery
3744,144,432,NULL,0,29,MASTER,471,ShineSton
3745,378,432,NULL,0,4815,MASTER,470,최희은
3746,313,451,NULL,0,4746,MASTER,470,옥탑방까치
3747,267,457,NULL,0,4626,MASTER,470,처음엔누구나초보
3748,110,422,NULL,0,4832,MASTER,469,기만해
3749,281,442,NULL,0,1387,MASTER,468,나예
3750,93,394,NULL,0,4674,MASTER,466,롤탑선생
3751,243,419,NULL,0,4690,MASTER,465,123465123
3752,114,391,NULL,0,4653,MASTER,464,KajungKing
3753,106,357,NULL,0,4696,MASTER,463,상어가익사해요
3754,138,456,NULL,0,4568,MASTER,463,12월3일수능
3755,282,393,NULL,0,4832,MASTER,462,원딜은아가얌
3756,254,454,NULL,0,3462,MASTER,461,알파고친구
3757,132,433,NULL,0,4851,MASTER,460,Machi
3758,230,416,NULL,0,4815,MASTER,458,한쿡은행
3759,336,428,NULL,0,3155,MASTER,458,과녕봇
3760,89,386,NULL,0,4707,MASTER,457,발시팀리우
3761,234,419,NULL,0,4568,MASTER,455,연초보짱
3762,262,363,NULL,0,4244,MASTER,451,이종달새
3763,125,364,NULL,0,4664,MASTER,449,히나미자와
3764,108,426,NULL,0,4368,MASTER,449,vlad99
3765,102,378,NULL,0,4832,MASTER,448,울짖마fan
3766,93,390,NULL,0,29,MASTER,448,라이너겜
3767,187,426,NULL,0,4815,MASTER,446,밥을꼭꼭씹어먹자
3768,96,386,NULL,0,23,MASTER,443,닉네임머로할까요
3769,96,352,NULL,0,4803,MASTER,442,미라클tvfans
3770,99,406,NULL,0,4277,MASTER,441,세희주인님
3771,246,413,NULL,0,4690,MASTER,441,세상을점령할남자
3772,46,420,NULL,0,4764,MASTER,437,Arad
3773,344,423,NULL,0,4498,MASTER,437,dabb
3774,123,376,NULL,0,3381,MASTER,436,InfinityofZero
3775,197,390,NULL,0,4764,MASTER,436,UBW주원
3776,395,431,NULL,0,1625,MASTER,435,낙서공책
3777,301,438,NULL,0,4652,MASTER,435,성규좌
3778,99,356,NULL,0,23,MASTER,434,양여민드우름
3779,230,442,NULL,0,4492,MASTER,433,feviknight
3780,194,370,NULL,0,4745,MASTER,432,강아지가제일좋아
3781,79,355,NULL,0,7,MASTER,430,kazan2
3782,234,404,NULL,0,4779,MASTER,430,botno
3783,371,417,NULL,0,4815,MASTER,430,무자비한폭군종쿠
3784,153,420,NULL,0,4022,MASTER,430,희귀한녀석들
3785,179,418,NULL,0,4803,MASTER,427,riteleader
3786,157,368,NULL,0,4568,MASTER,426,Siod0me
3787,174,421,NULL,0,4784,MASTER,425,faireunreve
3788,100,382,NULL,0,23,MASTER,422,JuSsen
3789,112,319,NULL,0,4379,MASTER,420,안던지면빡캐리
3790,186,388,NULL,0,4574,MASTER,420,뿌링킁스
3791,128,378,NULL,0,28,MASTER,417,강범석
3792,95,330,NULL,0,21,MASTER,416,호세민
3793,177,405,NULL,0,4025,MASTER,413,쓸큰꼬
3794,257,347,NULL,0,4815,MASTER,412,베스하먼
3795,256,367,NULL,0,4027,MASTER,411,노틸
3796,327,381,NULL,0,982,MASTER,410,안홍
3797,409,386,NULL,0,4549,MASTER,410,senanfan
3798,257,389,NULL,0,3791,MASTER,410,윤금옥76세
3799,98,288,NULL,0,4832,MASTER,409,BestOfMe
3800,188,373,NULL,0,4760,MASTER,409,강순이천재
3801,115,383,NULL,0,4569,MASTER,409,알바생자르기
3802,205,393,NULL,0,4781,MASTER,409,창문닫고자세요
3803,246,395,NULL,0,4791,MASTER,409,Wenn
3804,89,401,NULL,0,4849,MASTER,409,김선호1
3805,142,379,NULL,0,4568,MASTER,408,갓누붕이
3806,117,360,NULL,0,526,MASTER,407,자비란없소
3807,448,372,NULL,0,687,MASTER,407,REKSAI99
3808,106,343,NULL,0,4626,MASTER,405,소녀나라
3809,229,394,NULL,0,3462,MASTER,405,양학고수
3810,85,340,NULL,0,9,MASTER,402,WoHaiMeiShuNe
3811,300,365,NULL,0,4561,MASTER,402,지찬
3812,365,330,NULL,0,4815,MASTER,400,다딱이감수성
3813,408,375,NULL,0,13,MASTER,399,NeeEbi
3814,211,401,NULL,0,4815,MASTER,399,dfdsfgdsfsdga
3815,187,384,NULL,0,4656,MASTER,397,음악이뭔데
3816,79,312,NULL,0,29,MASTER,396,DeepBrownEyes
3817,172,385,NULL,0,1387,MASTER,395,낮다지능이
3818,74,285,NULL,0,4658,MASTER,393,알피지쌉고수
3819,266,354,NULL,0,4815,MASTER,393,Surporter
3820,95,276,NULL,0,4779,MASTER,391,나아퍼
3821,177,368,NULL,0,4749,MASTER,390,ywwan
3822,90,320,NULL,0,26,MASTER,388,니가지은성
3823,81,326,NULL,0,4690,MASTER,388,Cheng0821
3824,236,371,NULL,0,4568,MASTER,387,뼈맞았어새끼야1
3825,184,337,NULL,0,4815,MASTER,382,실패는성공의어메
3826,238,357,NULL,0,1456,MASTER,382,하급마법사
3827,275,357,NULL,0,4691,MASTER,382,Abroad
3828,83,271,NULL,0,23,MASTER,379,레드는정글의것
3829,190,372,NULL,0,4783,MASTER,379,pikapikaqiu
3830,84,315,NULL,0,23,MASTER,378,nanshen
3831,130,269,NULL,0,4407,MASTER,377,빨리강아지데려와
3832,82,314,NULL,0,3457,MASTER,377,르블량
3833,274,326,NULL,0,4815,MASTER,377,상체게임맞습니다
3834,95,289,NULL,0,4792,MASTER,375,그림자암살맨
3835,315,356,NULL,0,3798,MASTER,375,사나이온
3836,227,367,NULL,0,4426,MASTER,375,양찍먹
3837,90,301,NULL,0,4780,MASTER,373,AFTV째로
3838,340,342,NULL,0,4742,MASTER,372,리숌마
3839,365,357,NULL,0,4832,MASTER,372,못된말만할래
3840,245,362,NULL,0,4653,MASTER,372,Easyclap
3841,84,296,NULL,0,29,MASTER,369,zhuoxien
3842,248,345,NULL,0,4707,MASTER,369,도봉구김수환
3843,350,275,NULL,0,4846,MASTER,368,미자
3844,220,296,NULL,0,4815,MASTER,367,Lv1BBQ
3845,86,317,NULL,0,4535,MASTER,366,tianhuihui
3846,207,324,NULL,0,4249,MASTER,366,미니스나
3847,192,363,NULL,0,729,MASTER,366,고뇌
3848,374,335,NULL,0,4815,MASTER,365,GongTal
3849,330,337,NULL,0,27,MASTER,365,닭거기
3850,74,297,NULL,0,4779,MASTER,363,Dtmagot
3851,111,310,NULL,0,4653,MASTER,363,Lilli4
3852,269,325,NULL,0,907,MASTER,363,겨울지나봄이온듯
3853,183,329,NULL,0,4764,MASTER,362,SadKled
3854,411,352,NULL,0,4815,MASTER,362,ThirDeR
3855,83,307,NULL,0,4784,MASTER,361,미개한도붕이
3856,328,341,NULL,0,4561,MASTER,361,멘탈말랑이
3857,100,271,NULL,0,1387,MASTER,360,HoIlowness
3858,152,353,NULL,0,4571,MASTER,359,카지직
3859,232,291,NULL,0,4551,MASTER,358,yoursidekick
3860,184,297,NULL,0,518,MASTER,358,개별적흑인
3861,240,241,NULL,0,4794,MASTER,356,명쥬니
3862,81,307,NULL,0,0,MASTER,356,컴퓨터갑자기꺼짐
3863,161,309,NULL,0,3478,MASTER,356,복치복치개복치
3864,375,342,NULL,0,4574,MASTER,356,핑와막타치는사람
3865,82,275,NULL,0,4815,MASTER,354,부캐마터찍고접음
3866,235,333,NULL,0,4555,MASTER,354,봐줄게요힛OuO
3867,359,340,NULL,0,3837,MASTER,354,사과
3868,73,288,NULL,0,3622,MASTER,353,인천광역시만수동사는사람
3869,165,312,NULL,0,4815,MASTER,353,희준이의모험
3870,139,270,NULL,0,4764,MASTER,352,탑신병자딩거
3871,78,286,NULL,0,4761,MASTER,352,그소
3872,210,310,NULL,0,4492,MASTER,352,M1m0mb00m
3873,85,287,NULL,0,3522,MASTER,351,감정삭제
3874,170,337,NULL,0,3814,MASTER,351,Mr오도구
3875,326,333,NULL,0,3870,MASTER,350,답이보여
3876,140,308,NULL,0,4071,MASTER,349,Elka
3877,218,310,NULL,0,4405,MASTER,348,NunuandWillump
3878,471,336,NULL,0,3864,MASTER,348,믿음형
3879,325,376,NULL,0,1458,MASTER,348,불질러
3880,170,328,NULL,0,539,MASTER,347,꼬기잇
3881,440,338,NULL,0,3548,MASTER,347,Jollin의충신
3882,267,325,NULL,0,3180,MASTER,345,새벽감초
3883,287,333,NULL,0,4815,MASTER,345,잘생긴정현이
3884,182,344,NULL,0,1102,MASTER,345,심장갓
3885,243,322,NULL,0,4833,MASTER,344,지멈미
3886,109,267,NULL,0,4837,MASTER,343,연애시집
3887,242,312,NULL,0,3859,MASTER,343,숙은이원딜감
3888,401,340,NULL,0,4561,MASTER,343,산세베리앙
3889,243,310,NULL,0,1298,MASTER,342,푸쿠이
3890,77,274,NULL,0,4832,MASTER,341,wohaowunai
3891,73,286,NULL,0,4787,MASTER,341,캇품
3892,304,327,NULL,0,4832,MASTER,341,권이준
3893,196,332,NULL,0,4418,MASTER,341,천안애니
3894,324,303,NULL,0,3377,MASTER,338,HLEDeftfan
3895,296,234,NULL,0,4535,MASTER,337,신토불이정육점
3896,132,291,NULL,0,21,MASTER,337,Arylu
3897,146,278,NULL,0,4626,MASTER,336,plenilun2
3898,177,322,NULL,0,551,MASTER,336,주여리
3899,73,268,NULL,0,4832,MASTER,335,WatchMyPlay
3900,361,293,NULL,0,4162,MASTER,335,모덕씨
3901,370,243,NULL,0,4659,MASTER,333,겐쥰
3902,68,259,NULL,0,4568,MASTER,333,이종수fan
3903,169,317,NULL,0,3630,MASTER,333,아기뭉보
3904,114,146,NULL,0,4561,MASTER,329,시픈
3905,144,248,NULL,0,1588,MASTER,329,코문
3906,69,259,NULL,0,1386,MASTER,329,baobaochongya
3907,245,279,NULL,0,4815,MASTER,329,땅딸보
3908,157,261,NULL,0,4785,MASTER,328,공포영화매니아
3909,176,279,NULL,0,4815,MASTER,328,ADACADADA
3910,207,284,NULL,0,1114,MASTER,328,혜지뚝배기수집가
3911,230,291,NULL,0,1114,MASTER,328,마스터못가는사람
3912,146,291,NULL,0,1665,MASTER,328,덕정귀요미
3913,254,311,NULL,0,4815,MASTER,328,난교복이좋아
3914,216,319,NULL,0,3041,MASTER,326,승빈이다
3915,79,211,NULL,0,4764,MASTER,325,벤샷
3916,192,268,NULL,0,18,MASTER,325,전주대표자크
3917,205,298,NULL,0,1387,MASTER,325,존시나등장브금
3918,211,266,NULL,0,4815,MASTER,324,성훈이에옹
3919,79,259,NULL,0,4660,MASTER,323,강석주넌다2딱
3920,108,304,NULL,0,18,MASTER,323,전장의매루
3921,158,308,NULL,0,12,MASTER,321,매혹미전용공주
3922,136,316,NULL,0,4796,MASTER,321,남탓욕설절대안함
3923,92,268,NULL,0,23,MASTER,320,내탓은하지마
3924,204,269,NULL,0,4073,MASTER,320,뱅인분
3925,101,228,NULL,0,23,MASTER,319,헤으응으으으으으
3926,279,283,NULL,0,10,MASTER,319,천랑왕
3927,249,297,NULL,0,3233,MASTER,319,canwincanwin
3928,72,239,NULL,0,4832,MASTER,318,뭐가그렇게무서워
3929,66,247,NULL,0,3795,MASTER,318,정글의개
3930,71,241,NULL,0,4763,MASTER,317,T1Cameo
3931,72,241,NULL,0,4555,MASTER,317,Catcall
3932,88,247,NULL,0,4547,MASTER,317,김건북극곰
3933,368,251,NULL,0,3522,MASTER,317,무친소년
3934,593,286,NULL,0,4535,MASTER,317,Javascr1pt
3935,215,255,NULL,0,532,MASTER,316,인모쿠
3936,230,251,NULL,0,3791,MASTER,315,20030220th
3937,268,265,NULL,0,775,MASTER,315,술원
3938,231,294,NULL,0,4815,MASTER,315,거져묵어
3939,88,240,NULL,0,4568,MASTER,314,SangdyOwO
3940,122,263,NULL,0,4568,MASTER,314,건대미드
3941,276,258,NULL,0,4815,MASTER,313,QOiQO
3942,73,222,NULL,0,4471,MASTER,312,Kimory
3943,129,246,NULL,0,685,MASTER,311,zhongdanjayce
3944,81,249,NULL,0,4760,MASTER,310,맑은하늘물
3945,204,261,NULL,0,6,MASTER,310,Dpico
3946,291,276,NULL,0,3505,MASTER,310,피폭발
3947,311,299,NULL,0,3804,MASTER,310,운우의낙
3948,104,258,NULL,0,4815,MASTER,309,강우거스
3949,135,265,NULL,0,4781,MASTER,309,빛이머무는
3950,335,282,NULL,0,4815,MASTER,309,휴학후게임중
3951,193,288,NULL,0,23,MASTER,309,초로콩
3952,252,295,NULL,0,4247,MASTER,307,하늘별자리
3953,233,263,NULL,0,4815,MASTER,306,신애하는마음
3954,248,265,NULL,0,4652,MASTER,306,월화순목금토일
3955,348,290,NULL,0,4759,MASTER,306,Nomercy25
3956,315,293,NULL,0,4551,MASTER,306,걀달
3957,245,269,NULL,0,4086,MASTER,304,Lukalux
3958,322,300,NULL,0,4690,MASTER,304,버스마렵따
3959,231,243,NULL,0,4815,MASTER,303,열한번째오디나무
3960,138,254,NULL,0,23,MASTER,303,석진잌
3961,216,287,NULL,0,4492,MASTER,303,Massless
3962,103,251,NULL,0,4804,MASTER,302,나는팀원들이밉다
3963,260,275,NULL,0,3460,MASTER,302,스푼도시락
3964,222,292,NULL,0,4449,MASTER,302,떠블쿠숑
3965,215,296,NULL,0,3866,MASTER,302,LeaveItAlone
3966,365,254,NULL,0,4815,MASTER,301,클레드
3967,326,295,NULL,0,546,MASTER,299,간절함은없다
3968,305,281,NULL,0,4763,MASTER,298,온순하고순진한
3969,217,288,NULL,0,3553,MASTER,298,이기적인싸이
3970,147,298,NULL,0,4815,MASTER,298,lolooloololo01
3971,259,235,NULL,0,3592,MASTER,297,LIAR
3972,290,270,NULL,0,4815,MASTER,297,라무라무람
3973,67,226,NULL,0,4758,MASTER,295,정멋정
3974,67,229,NULL,0,3789,MASTER,295,YeEunShin
3975,122,233,NULL,0,4552,MASTER,295,잭슨파이브
3976,79,205,NULL,0,7,MASTER,294,에코로마스터감
3977,64,211,NULL,0,4666,MASTER,294,널화나게할유저
3978,64,222,NULL,0,4568,MASTER,293,ramistrassezuric
3979,160,281,NULL,0,4756,MASTER,293,지수엄
3980,231,282,NULL,0,4555,MASTER,293,모코
3981,70,192,NULL,0,1455,MASTER,292,만들어보았습니다
3982,197,283,NULL,0,4815,MASTER,292,수호자바드
3983,88,214,NULL,0,4760,MASTER,290,연어
3984,182,246,NULL,0,3864,MASTER,290,오빠그만때령
3985,71,264,NULL,0,1297,MASTER,290,K1ooz
3986,355,273,NULL,0,4658,MASTER,289,내가누군지까먹음
3987,238,273,NULL,0,4572,MASTER,289,그래도요
3988,269,239,NULL,0,4562,MASTER,288,치킨먹고싶어요
3989,274,264,NULL,0,3590,MASTER,288,칼둔기도끼
3990,165,203,NULL,0,4589,MASTER,287,Jumpofzac
3991,195,234,NULL,0,4760,MASTER,287,탑하는재원이
3992,223,245,NULL,0,4561,MASTER,287,손세이
3993,455,272,NULL,0,4418,MASTER,287,영호비구
3994,74,209,NULL,0,4784,MASTER,286,마숭희
3995,566,282,NULL,0,4804,MASTER,286,Lv25버블링
3996,71,213,NULL,0,4764,MASTER,285,Poacher
3997,100,243,NULL,0,3231,MASTER,285,영이콩
3998,72,212,NULL,0,23,MASTER,284,무조건듀오계정
3999,251,247,NULL,0,4795,MASTER,284,구도구도구도구도
4000,103,248,NULL,0,1301,MASTER,284,칠귤
