rno,level,lose,point,profileIconId,summonerName,tier,win
1,426,404,1600,3849,시간빠르다앙,CHALLENGER,497
2,157,500,1590,4781,xunxunxuno,CHALLENGER,666
3,336,415,1527,7,viper3,CHALLENGER,513
4,89,286,1512,4521,용호야,CHALLENGER,390
5,89,267,1482,4521,용호야,CHALLENGER,408
6,145,705,1445,4561,GenGKhael,CHALLENGER,837
7,103,786,1442,4795,T1제우스,CHALLENGER,856
8,44,381,1408,20,T1Zeuss,CHALLENGER,485
9,235,1465,1396,4585,EDGZhaoQQ888765,CHALLENGER,1671
10,273,633,1396,4568,스컬지,CHALLENGER,728
11,443,468,1389,982,SANDBOXCroco,CHALLENGER,550
12,2,341,1375,29,FPXzhaoAP4506303,CHALLENGER,498
13,512,1457,1368,4552,BRB헤나,CHALLENGER,1539
14,170,184,1366,1211,ADDonwin,CHALLENGER,260
15,345,252,1358,4659,쭌베,CHALLENGER,337
16,103,210,1357,4568,zzzusss,CHALLENGER,294
17,341,509,1345,4568,농심리치,CHALLENGER,591
18,135,530,1335,3459,T1Fisher,CHALLENGER,688
19,160,190,1334,4665,미친듯이파이팅,CHALLENGER,299
20,110,307,1322,4295,윤용호,CHALLENGER,396
21,262,471,1318,4690,FAMinit,CHALLENGER,557
22,184,1128,1289,4614,asheadopen,CHALLENGER,1225
23,194,212,1281,23,Pnpm,CHALLENGER,282
24,92,355,1272,4629,V5zhao107736014,CHALLENGER,496
25,242,356,1270,3788,나는준일하다,CHALLENGER,429
26,228,195,1256,3554,JUGKlNG,CHALLENGER,289
27,284,394,1253,1219,SANDBOXFATE,CHALLENGER,476
28,100,307,1245,3864,우제,CHALLENGER,393
29,115,506,1242,4026,MangoFish,CHALLENGER,638
30,295,608,1227,4803,UijU,CHALLENGER,673
31,74,185,1220,7,KTBonnie,CHALLENGER,306
32,189,1159,1214,4409,EDGzhaoQX888765,CHALLENGER,1283
33,324,753,1214,3951,SANDBOXOnFleek,CHALLENGER,808
34,88,287,1211,7,clearlove9fans,CHALLENGER,425
35,264,303,1203,8,버돌,CHALLENGER,339
36,196,404,1202,4491,srysmallChicken,CHALLENGER,485
37,83,269,1198,4690,DYNRlch,CHALLENGER,350
38,180,201,1193,6,PzZZang,CHALLENGER,261
39,329,639,1192,4561,GenGKaris,CHALLENGER,675
40,170,444,1187,4842,Bbvoy,CHALLENGER,523
41,306,277,1187,4568,deokdam,CHALLENGER,365
42,371,951,1185,588,쪼렙이다말로하자,CHALLENGER,1034
43,216,208,1182,977,오뚜기3분미트볼,CHALLENGER,278
44,322,598,1181,4778,BRB라바,CHALLENGER,663
45,485,856,1177,4817,T1Mirzz,CHALLENGER,936
46,140,330,1173,4568,FAzzuss,CHALLENGER,400
47,474,818,1168,3225,inohope,CHALLENGER,874
48,412,609,1168,4498,FARuby,CHALLENGER,674
49,185,630,1150,1626,River9,CHALLENGER,703
50,179,377,1150,4022,HuyaTvJincanyi,CHALLENGER,493
51,363,1023,1147,4787,40900202,CHALLENGER,1137
52,131,565,1136,23,KTVicLa,CHALLENGER,710
53,88,299,1133,4025,SANDBOXSumm1t,CHALLENGER,356
54,213,250,1133,4650,T1Ellim,CHALLENGER,316
55,254,1168,1127,3587,T1Oner,CHALLENGER,1337
56,196,1074,1127,3797,fatsheep,CHALLENGER,1243
57,329,569,1123,4626,단군의청춘부재,CHALLENGER,608
58,328,1496,1119,4755,Juhana,CHALLENGER,1578
59,265,683,1119,4781,파이팅인생,CHALLENGER,740
60,96,338,1119,4832,elole,CHALLENGER,483
61,199,396,1119,3859,T1Cuzz,CHALLENGER,464
62,88,352,1119,4786,Shiningfans,CHALLENGER,413
63,176,1049,1114,4568,xlzyx,CHALLENGER,1128
64,278,326,1114,3236,HLE모건,CHALLENGER,384
65,237,523,1112,4022,FAMia,CHALLENGER,586
66,222,737,1111,3582,DYNSSONG,CHALLENGER,886
67,172,497,1105,4559,매일배고프다,CHALLENGER,559
68,278,546,1101,3378,에르피디,CHALLENGER,644
69,280,1480,1097,4552,GenGDice,CHALLENGER,1565
70,228,749,1097,4375,kelinn,CHALLENGER,807
71,351,477,1095,4780,SANDBOXKabbie,CHALLENGER,540
72,213,409,1095,4786,동해운수,CHALLENGER,469
73,118,273,1093,4607,Aprox,CHALLENGER,348
74,443,1330,1092,4761,BRB크레센트,CHALLENGER,1377
75,170,852,1084,980,Strange2,CHALLENGER,980
76,252,977,1083,552,T1Berserker,CHALLENGER,1003
77,138,413,1080,1340,FAian,CHALLENGER,493
78,415,605,1079,4817,Remika,CHALLENGER,670
79,405,399,1079,4216,KTRebel,CHALLENGER,468
80,203,473,1078,4833,shuidisichuan,CHALLENGER,547
81,108,414,1076,3542,난쓰레기자만금지,CHALLENGER,487
82,237,394,1069,4779,HLEMorgan1,CHALLENGER,458
83,308,711,1065,4665,Fanch,CHALLENGER,757
84,282,865,1064,7,T1Gumayusi,CHALLENGER,940
85,312,772,1064,4784,xxxxxxx1,CHALLENGER,867
86,156,496,1061,4568,나는야김준철,CHALLENGER,554
87,111,400,1061,4817,ZED99,CHALLENGER,523
88,281,1281,1059,4817,울부짖는마오카이,CHALLENGER,1356
89,56,150,1058,4779,boomlige1,CHALLENGER,201
90,366,479,1056,4783,다없수질,CHALLENGER,550
91,123,358,1056,4817,팀개못하면누누함,CHALLENGER,448
92,210,539,1049,4831,혼자온세상,CHALLENGER,607
93,389,937,1047,2073,모찌피치모찌피치,CHALLENGER,994
94,90,356,1047,4784,모두만잘되기를,CHALLENGER,424
95,127,300,1046,4561,원딜왕자이채환,CHALLENGER,377
96,489,687,1040,4779,sheidodabuguo,CHALLENGER,747
97,112,424,1040,7,zyb,CHALLENGER,529
98,284,1125,1037,3839,탑혜지,CHALLENGER,1185
99,123,611,1036,6,ShadowPatch,CHALLENGER,734
100,315,325,1032,20,FALight,CHALLENGER,398
101,73,223,1029,4492,boom1boom,CHALLENGER,309
102,313,694,1025,4755,엘림,CHALLENGER,756
103,96,289,1025,3018,관상을본다,CHALLENGER,430
104,488,1240,1024,4780,epohon,CHALLENGER,1283
105,104,382,1022,4832,DWGChasy,CHALLENGER,500
106,182,778,1018,23,IdontknowZZ,CHALLENGER,865
107,116,89,1018,1388,Xx최강문검수xX,CHALLENGER,160
108,162,618,1017,3151,여름별미콩국수,CHALLENGER,691
109,272,576,1016,3804,타잔,CHALLENGER,663
110,214,474,1016,4568,concesslon,CHALLENGER,533
111,365,474,1015,4780,FA레이닝,CHALLENGER,551
112,277,483,1014,6,금현성2,CHALLENGER,555
113,515,981,1012,4658,미쳐놈,CHALLENGER,1066
114,287,802,1012,4653,zywbzdcs,CHALLENGER,850
115,102,265,1012,4756,다드몬아이다,CHALLENGER,377
116,410,716,1009,3838,photic12345,CHALLENGER,767
117,138,653,1008,4779,볼붕이1,CHALLENGER,774
118,79,120,1008,3584,스카이시현,CHALLENGER,223
119,324,985,1007,4087,mmqm,CHALLENGER,1056
120,140,538,1007,4631,유리Yur1,CHALLENGER,605
121,402,352,1007,4561,캐인,CHALLENGER,375
122,289,256,1006,20,롤오브레전드1234,CHALLENGER,310
123,125,337,1005,18,Arrowlol,CHALLENGER,466
124,311,595,1003,4419,haoyunbaobei,CHALLENGER,657
125,361,943,1002,3846,whispersnow,CHALLENGER,1000
126,3,512,1002,3546,사용수,CHALLENGER,565
127,134,645,1001,3838,stableman1,CHALLENGER,721
128,83,252,999,4832,TTzhao1952222922,CHALLENGER,401
129,273,402,998,4779,군대괜히미룬사람,CHALLENGER,417
130,287,415,997,3495,FAGGul,CHALLENGER,486
131,175,907,996,4425,따봉람머스,CHALLENGER,986
132,134,609,996,23,esortazione,CHALLENGER,688
133,206,1098,995,4835,HUYATVCid,CHALLENGER,1248
134,342,589,991,4833,SANDBOXRoute,CHALLENGER,632
135,149,846,989,23,GLZassassin,CHALLENGER,924
136,543,1011,986,933,jkjkjkjkk,CHALLENGER,1059
137,221,261,985,1603,SeeuAG,CHALLENGER,326
138,239,874,984,8,돌덩이의꿈,CHALLENGER,941
139,143,475,984,4568,xiaocaobao9,CHALLENGER,526
140,320,532,979,535,강꼬릴,CHALLENGER,581
141,239,320,975,4533,피즈조이,CHALLENGER,379
142,47,74,975,4778,TLT4CTICAL,CHALLENGER,130
143,426,794,971,9,이도류,CHALLENGER,853
144,290,584,971,4832,weibiusamD,CHALLENGER,642
145,142,718,969,4030,BeTnT1,CHALLENGER,763
146,138,798,968,29,MapleStory275LV,CHALLENGER,856
147,277,773,967,18,arrowIoI,CHALLENGER,835
148,174,519,967,4786,GGGori,CHALLENGER,584
149,247,227,967,4555,DRX게르세르끼,CHALLENGER,300
150,416,1028,962,4817,이차가식기전에,CHALLENGER,1104
151,114,418,957,4285,고파우개미,CHALLENGER,489
152,374,719,954,20,HLEDeft1,CHALLENGER,787
153,83,300,952,4655,AnnieLeonhar,CHALLENGER,369
154,234,301,952,3795,SweetyPretty,CHALLENGER,360
155,222,231,952,4491,Destiny,CHALLENGER,233
156,371,511,951,939,qwer112233,CHALLENGER,575
157,289,263,951,7,dagongren1,CHALLENGER,321
158,265,557,947,3613,모두다함께차차차,CHALLENGER,609
159,381,581,944,6,FADove,CHALLENGER,621
160,299,503,944,4832,Blank,CHALLENGER,568
161,346,769,943,4653,미북이,CHALLENGER,822
162,235,282,943,693,노량엄순신,CHALLENGER,348
163,223,1555,941,4568,못난놈들1,CHALLENGER,1604
164,198,791,940,4786,순진무구하다,CHALLENGER,840
165,205,732,939,4378,HSHTM,CHALLENGER,804
166,296,581,939,4842,supupsupupsupup,CHALLENGER,650
167,163,449,939,1626,zhu666,CHALLENGER,560
168,468,1111,937,4835,KTAT0P,CHALLENGER,1167
169,415,1070,935,4647,clear77,CHALLENGER,1122
170,79,266,935,3591,xFury,CHALLENGER,392
171,164,320,934,28,DRXBAO,CHALLENGER,371
172,500,692,931,4835,T1Keria,CHALLENGER,738
173,433,564,930,4025,FAMlnit,CHALLENGER,624
174,216,969,929,4832,Starry0v0,CHALLENGER,1075
175,506,580,927,4160,pingsiba,CHALLENGER,637
176,205,392,923,1385,Iovegalio,CHALLENGER,476
177,130,611,922,7,brogame,CHALLENGER,666
178,161,306,922,4827,Lpc1,CHALLENGER,378
179,186,804,921,4463,Starryovo,CHALLENGER,881
180,278,480,921,4568,익산누누,CHALLENGER,540
181,254,694,919,22,OMGqx1328035572,CHALLENGER,785
182,304,487,919,3354,루시안조이밴탈론,CHALLENGER,546
183,340,473,919,4406,쿠자니,CHALLENGER,520
184,172,711,918,7,jiozz,CHALLENGER,787
185,312,710,918,3864,T1Closer,CHALLENGER,767
186,169,1111,917,4661,Hegzzz,CHALLENGER,1212
187,416,665,917,4698,아임쏘쏘리,CHALLENGER,724
188,87,335,916,4631,happygalio,CHALLENGER,449
189,204,548,915,4203,OMGBoring,CHALLENGER,615
190,158,882,913,4783,YSYZ,CHALLENGER,963
191,96,414,913,4794,ATRl,CHALLENGER,471
192,402,1058,910,3462,FALast,CHALLENGER,1101
193,437,614,909,4748,Zaovvunongren,CHALLENGER,689
194,242,939,908,4568,YeZhuoYue,CHALLENGER,998
195,374,579,907,3854,읽씹맨,CHALLENGER,637
196,354,215,907,4817,직스좀믿어줘,CHALLENGER,288
197,454,787,906,3953,Naehyun,CHALLENGER,813
198,87,213,904,3155,YoneKing,CHALLENGER,323
199,381,1058,901,3788,핑찍히면좋아죽음,CHALLENGER,1092
200,301,896,901,7,KTH4rp,CHALLENGER,948
201,213,284,901,4025,ad20,CHALLENGER,337
202,163,287,900,3348,FASenan,CHALLENGER,340
203,183,412,898,4655,kratsaira,CHALLENGER,457
204,161,372,898,4844,야핑좀꺼줄래,CHALLENGER,429
205,124,609,895,4637,knightzz,CHALLENGER,723
206,268,487,895,4832,정훈이의모험,CHALLENGER,533
207,218,82,895,4626,Iava,CHALLENGER,161
208,186,256,894,4249,SSUNSSUN,CHALLENGER,308
209,93,146,894,3791,Letmesup,CHALLENGER,222
210,406,437,893,4786,김도칠,CHALLENGER,488
211,243,402,892,4780,FAWizer,CHALLENGER,450
212,388,321,891,3495,칼과창방패,CHALLENGER,352
213,213,298,888,4802,메가우기,CHALLENGER,345
214,264,989,887,4027,Uneasy11,CHALLENGER,1066
215,93,217,887,3584,wehui,CHALLENGER,329
216,77,256,886,27,fA죽어도솔랭,CHALLENGER,364
217,546,1429,885,4777,BJ갈배,CHALLENGER,1480
218,218,301,885,4817,9밍,CHALLENGER,340
219,77,257,885,29,nine3,CHALLENGER,339
220,373,224,885,744,Echesospiri,CHALLENGER,273
221,365,663,884,749,CCrazy,CHALLENGER,706
222,105,185,882,3378,홍콩반점매니아,CHALLENGER,251
223,224,1506,881,3458,sofm2,CHALLENGER,1620
224,194,851,881,22,Re0start,CHALLENGER,925
225,478,536,881,3160,튀자튀자아,CHALLENGER,580
226,117,366,880,29,kzxuiuy,CHALLENGER,440
227,98,116,880,4674,mogubaby,CHALLENGER,181
228,400,539,879,1439,DoRun,CHALLENGER,586
229,358,431,879,4804,챌린저땅우양,CHALLENGER,486
230,262,467,878,1625,크세로,CHALLENGER,518
231,132,299,877,4690,말을잘못하는사람,CHALLENGER,354
232,280,805,876,4626,7777케이,CHALLENGER,866
233,334,593,876,4561,WhiteCanvas,CHALLENGER,645
234,463,389,876,4533,하이드,CHALLENGER,440
235,53,118,876,2074,C9BLAB3R,CHALLENGER,166
236,256,695,875,4817,ecnahC,CHALLENGER,749
237,271,535,875,1482,KTUcal,CHALLENGER,632
238,320,578,875,4817,마지막1년,CHALLENGER,630
239,341,481,875,4658,난마,CHALLENGER,531
240,223,544,874,1116,Swordart777,CHALLENGER,632
241,116,92,874,1160,군밤군밤,CHALLENGER,150
242,103,484,873,4561,도넛먹고싶다i,CHALLENGER,594
243,269,398,873,4832,Oct0ber,CHALLENGER,436
244,93,283,873,4834,yinyizaimaren,CHALLENGER,413
245,107,150,873,4817,테디스틱,CHALLENGER,203
246,150,74,873,3587,순의,CHALLENGER,176
247,248,588,872,4764,HLECaD,CHALLENGER,640
248,200,517,872,983,섶훈,CHALLENGER,573
249,101,270,872,4795,두꺼비압수,CHALLENGER,379
250,184,238,872,4707,바쿠야,CHALLENGER,356
251,97,176,872,4762,Bigbuttocks,CHALLENGER,248
252,149,222,872,564,Axiyo,CHALLENGER,230
253,122,151,872,3804,Demon,CHALLENGER,218
254,341,774,871,4763,군빵맨,CHALLENGER,826
255,285,371,871,4817,ShadowSupreme,CHALLENGER,393
256,94,229,871,4817,ehfdkdhsakql,CHALLENGER,341
257,206,281,871,4840,Sangchu,CHALLENGER,312
258,161,165,871,3879,쿠쟈니,CHALLENGER,222
259,239,591,870,4100,강주연,CHALLENGER,646
260,195,418,870,4355,W1zer,CHALLENGER,472
261,136,367,870,16,교육잘받은도구,CHALLENGER,425
262,122,276,870,3150,downsleep,CHALLENGER,335
263,90,369,869,4409,mymx1,CHALLENGER,439
264,97,345,868,4626,훙쌍리,CHALLENGER,426
265,89,161,868,4658,학이농장,CHALLENGER,291
266,356,821,867,4414,CorporalsDog,CHALLENGER,871
267,325,477,867,4832,FAGaeng,CHALLENGER,512
268,113,239,867,3542,로켓슝슝,CHALLENGER,298
269,294,240,866,1630,군밤갓,CHALLENGER,289
270,60,51,866,4794,힘내다잘될거야,CHALLENGER,173
271,574,1007,865,4834,FANatalie,CHALLENGER,1083
272,134,724,865,4787,마이티베어,CHALLENGER,799
273,71,228,865,4783,jiaoliubingqing,CHALLENGER,355
274,98,250,864,4497,박탁민,CHALLENGER,374
275,177,314,864,4022,L1sure,CHALLENGER,365
276,62,135,864,4779,소년가장원딜,CHALLENGER,237
277,138,201,862,3599,MAIWAY,CHALLENGER,252
278,170,930,852,3840,SANDBOXMuru,CHALLENGER,1051
279,353,374,845,984,FaaaaaaaaSup,CHALLENGER,417
280,491,1032,819,3587,DRX1234,CHALLENGER,1065
281,211,987,810,4558,HUYATVUMC,CHALLENGER,1046
282,538,984,788,1437,쿠리,CHALLENGER,1036
283,157,830,889,4021,qwerewqw,GRANDMASTER,897
284,278,983,873,1439,sdxsdx156,GRANDMASTER,1025
285,93,172,861,25,남탓제발그만해,GRANDMASTER,240
286,172,246,859,3955,FAKey,GRANDMASTER,305
287,152,825,854,23,SSW장형석,GRANDMASTER,886
288,115,257,854,4817,FAGaeng2,GRANDMASTER,307
289,262,592,850,4568,SANDBOXIce,GRANDMASTER,628
290,143,774,848,4405,Me1k0,GRANDMASTER,851
291,435,840,846,4568,황제펭귄5호,GRANDMASTER,914
292,162,295,844,4022,EM상어,GRANDMASTER,337
293,76,277,844,29,qlqlqlqlll,GRANDMASTER,323
294,284,1277,842,3543,Fahai,GRANDMASTER,1303
295,85,171,842,4025,DRXHP1,GRANDMASTER,242
296,163,951,839,3788,IGzhao1498187796,GRANDMASTER,1064
297,181,42,839,4832,YeoPuuu,GRANDMASTER,108
298,258,431,837,4595,망해부럿스,GRANDMASTER,485
299,273,378,836,4817,heeseong,GRANDMASTER,427
300,166,207,836,1594,yasuo2,GRANDMASTER,251
301,324,517,835,4561,곽곽보성,GRANDMASTER,582
302,296,378,835,4661,malrang123,GRANDMASTER,438
303,197,357,835,4409,1KEGO,GRANDMASTER,412
304,64,181,834,4832,FPXzhaoUP4506303,GRANDMASTER,289
305,494,1081,833,4107,호잇이,GRANDMASTER,1143
306,258,918,831,6,ariesika,GRANDMASTER,974
307,340,518,831,1630,내숭,GRANDMASTER,637
308,121,335,830,1625,AweYunWAY,GRANDMASTER,397
309,149,868,828,4834,갈망하다,GRANDMASTER,947
310,257,552,828,4832,FFlare,GRANDMASTER,602
311,385,596,826,2072,Lv1갑각류,GRANDMASTER,647
312,338,721,825,4535,칸나,GRANDMASTER,768
313,342,656,825,4838,juayo,GRANDMASTER,699
314,109,495,822,4784,IGsupQ1019458971,GRANDMASTER,609
315,98,483,822,4706,Str1ve,GRANDMASTER,577
316,219,836,821,3890,whitelinfeng,GRANDMASTER,901
317,178,539,820,4535,wuwangxinan,GRANDMASTER,595
318,153,760,819,4832,jusaka12,GRANDMASTER,860
319,87,186,819,23,XZPN,GRANDMASTER,297
320,112,183,819,7,MAKJANG,GRANDMASTER,237
321,314,569,818,1160,아라가키유이,GRANDMASTER,609
322,260,871,815,4833,Adachi,GRANDMASTER,909
323,208,432,815,4832,DWGCanyon,GRANDMASTER,533
324,89,211,814,4779,5Kld,GRANDMASTER,271
325,124,667,813,4659,자격이없습니다,GRANDMASTER,779
326,121,631,813,4568,THEWINDRISESc,GRANDMASTER,742
327,244,208,811,4833,금붕어왕김농밀,GRANDMASTER,264
328,181,139,811,4568,승지부기,GRANDMASTER,182
329,338,514,810,982,MeiTianKun,GRANDMASTER,514
330,85,347,807,685,DaiYunQing,GRANDMASTER,472
331,179,255,807,4817,가슴뛰는일,GRANDMASTER,325
332,240,941,803,4409,북쪽의괴물1,GRANDMASTER,997
333,219,581,802,0,AFBAekHO,GRANDMASTER,632
334,202,568,797,4816,detailking,GRANDMASTER,626
335,235,1326,796,4673,guyuefangyuan,GRANDMASTER,1400
336,230,1283,796,3222,11baby,GRANDMASTER,1365
337,190,1231,796,23,IGQ1749193239,GRANDMASTER,1340
338,62,175,796,4783,wushugeheiye,GRANDMASTER,269
339,414,1365,795,4653,GenGOphelia,GRANDMASTER,1415
340,177,1069,793,4754,yyyyxxxxzzzz,GRANDMASTER,1145
341,279,516,792,3017,JustLikeThatKR,GRANDMASTER,523
342,147,161,792,26,그럭저럭있는사람,GRANDMASTER,221
343,266,713,791,4832,pzxzp,GRANDMASTER,737
344,54,136,790,4779,TLJ,GRANDMASTER,185
345,204,273,789,544,znhy,GRANDMASTER,340
346,162,525,787,3543,랭겜에강한남자,GRANDMASTER,592
347,405,721,786,4,T1Asper,GRANDMASTER,790
348,204,588,785,3456,Teddy12345,GRANDMASTER,622
349,225,266,784,1089,주먹밥쿵야1,GRANDMASTER,318
350,444,477,783,4297,GenGRascal,GRANDMASTER,511
351,1,211,781,29,lcmlcm,GRANDMASTER,351
352,121,461,779,4817,kata1000,GRANDMASTER,571
353,141,353,779,4368,VitalityZywOo,GRANDMASTER,403
354,197,867,777,3584,reaIIyreaIIyrea1,GRANDMASTER,934
355,97,198,777,1114,HUYATVUni,GRANDMASTER,262
356,53,66,777,933,스물다섯번째밤,GRANDMASTER,145
357,288,1122,774,4835,숨바꼭질,GRANDMASTER,1200
358,79,199,774,4832,고덕고덕진곰탕,GRANDMASTER,302
359,118,570,773,21,HLEMorgun1,GRANDMASTER,695
360,116,333,772,4568,밧형욱,GRANDMASTER,379
361,130,368,771,4550,불의에,GRANDMASTER,431
362,375,1108,770,4832,따균좌,GRANDMASTER,1143
363,73,169,770,6,넘기다,GRANDMASTER,226
364,298,637,769,3788,아잠온다아,GRANDMASTER,682
365,449,1459,766,4834,HLE보우거야,GRANDMASTER,1476
366,192,577,766,3542,최선을다하자항상,GRANDMASTER,627
367,76,269,766,4781,kedaya1hao,GRANDMASTER,396
368,108,152,766,4816,규S2리,GRANDMASTER,222
369,327,865,765,3788,깨물이드래곤,GRANDMASTER,886
370,172,505,764,1297,gejutaixiao,GRANDMASTER,581
371,320,235,764,3313,Stitchy,GRANDMASTER,297
372,345,1296,763,4705,GenGMeaning,GRANDMASTER,1331
373,53,97,762,23,fenggeer,GRANDMASTER,191
374,184,468,761,3839,hewon,GRANDMASTER,541
375,127,326,760,4631,Riverzz,GRANDMASTER,372
376,324,610,758,3588,떡잎부터알아봄,GRANDMASTER,668
377,287,1210,754,4794,szygszn,GRANDMASTER,1240
378,624,1026,754,10,DRX홍창현,GRANDMASTER,1070
379,74,186,754,3550,불면증환자임,GRANDMASTER,290
380,147,849,744,16,네버rland,GRANDMASTER,906
381,505,1280,743,7,Seizetheday11,GRANDMASTER,1282
382,340,977,742,4763,91off,GRANDMASTER,1004
383,208,799,742,4540,BrushEye,GRANDMASTER,836
384,198,342,742,4660,리하우,GRANDMASTER,396
385,454,927,741,4833,98Haru,GRANDMASTER,979
386,359,851,741,4817,김랑준,GRANDMASTER,850
387,253,347,741,1154,5Kid,GRANDMASTER,371
388,102,73,740,4200,FAArcher,GRANDMASTER,119
389,100,498,739,4418,299살까지살게여,GRANDMASTER,539
390,80,268,738,4655,chinatalonno1,GRANDMASTER,396
391,308,582,737,4832,DWGSojuMaker,GRANDMASTER,633
392,94,419,737,4832,zzzzzzzzz2,GRANDMASTER,490
393,234,199,737,1,nmnmnmmmnmmnnmnm,GRANDMASTER,253
394,612,816,736,4834,Jymssaja,GRANDMASTER,840
395,220,1167,732,7,d0myself,GRANDMASTER,1221
396,771,1907,731,4379,HUYATVBurning,GRANDMASTER,1959
397,292,305,730,4759,FAP0P,GRANDMASTER,350
398,176,896,729,502,GenGPeyz,GRANDMASTER,967
399,259,1049,728,4490,tttttttEEn,GRANDMASTER,1087
400,348,863,728,4655,VictoriaIsland,GRANDMASTER,912
401,220,589,728,1626,둠심,GRANDMASTER,658
402,132,157,728,4568,오리지널찰떡쿠키,GRANDMASTER,198
403,567,1386,726,7,happygame,GRANDMASTER,1490
404,195,523,724,4834,Dynsylvie,GRANDMASTER,555
405,88,293,724,4661,weinixieshi,GRANDMASTER,437
406,451,899,722,4835,By불비,GRANDMASTER,931
407,97,383,720,4763,AweSerenity,GRANDMASTER,410
408,136,680,718,750,110011001100,GRANDMASTER,785
409,119,600,716,977,daydayup,GRANDMASTER,666
410,108,536,716,4832,ignugur1,GRANDMASTER,583
411,263,319,714,4018,xxxssx,GRANDMASTER,357
412,124,548,713,3788,fengche,GRANDMASTER,656
413,138,619,712,4784,DWGrevelation,GRANDMASTER,763
414,67,152,712,3804,Witch,GRANDMASTER,215
415,356,505,711,4025,FAMla,GRANDMASTER,528
416,383,183,710,4762,HUYATVRamca,GRANDMASTER,245
417,220,960,709,7,분열하다,GRANDMASTER,987
418,451,889,709,4756,ThallahT,GRANDMASTER,871
419,292,249,709,3584,vvi2,GRANDMASTER,296
420,161,897,708,4279,이기다wzxy,GRANDMASTER,978
421,120,665,708,4786,개미이가검다,GRANDMASTER,753
422,273,422,708,1387,KTBSUP,GRANDMASTER,472
423,193,388,708,4707,baddddd,GRANDMASTER,424
424,432,848,706,4027,SPKingdom,GRANDMASTER,895
425,139,728,706,4661,kuaiz1zzz,GRANDMASTER,848
426,215,346,705,3478,음봉면덕지리,GRANDMASTER,390
427,447,960,703,4592,cexk1lng,GRANDMASTER,988
428,297,456,703,4777,DYNChelly,GRANDMASTER,488
429,261,438,702,4079,바텀권위자,GRANDMASTER,478
430,480,571,701,4817,eren헌터,GRANDMASTER,600
431,437,444,701,3785,cuxinchaoren,GRANDMASTER,486
432,90,334,701,26,카림몬,GRANDMASTER,443
433,81,211,701,4568,아무도날모를걸,GRANDMASTER,371
434,206,1167,700,4490,이를구해주세요,GRANDMASTER,1225
435,453,994,700,1,간다라쿤다,GRANDMASTER,1056
436,236,726,700,4779,Islonely123,GRANDMASTER,776
437,150,511,700,4779,juggapimsorry,GRANDMASTER,518
438,323,751,699,4629,DWGDeryI,GRANDMASTER,791
439,66,240,698,29,JD황제,GRANDMASTER,295
440,67,193,697,4758,kkelin,GRANDMASTER,303
441,278,1376,695,4832,lynlyneve,GRANDMASTER,1403
442,236,741,695,4560,way223,GRANDMASTER,773
443,190,572,694,4794,adiamond,GRANDMASTER,620
444,125,598,691,3840,AFBurry,GRANDMASTER,725
445,210,549,690,3231,SANDBOXHowling,GRANDMASTER,589
446,236,423,690,1160,바보상단,GRANDMASTER,461
447,242,765,689,4835,DYNFIESTA,GRANDMASTER,796
448,179,759,688,21,chiniuwa,GRANDMASTER,803
449,440,681,687,23,헤돈,GRANDMASTER,720
450,214,469,686,4561,모르겠어요,GRANDMASTER,473
451,290,235,686,4755,코태,GRANDMASTER,231
452,273,360,683,4090,RiHoo,GRANDMASTER,530
453,201,1196,682,4082,SANDBOXGeumgo,GRANDMASTER,1234
454,171,1024,682,4554,전상득,GRANDMASTER,1111
455,497,591,681,4558,트위치김수당,GRANDMASTER,625
456,180,103,681,4832,MIDKlNG,GRANDMASTER,149
457,261,725,680,7,StarSpring2,GRANDMASTER,762
458,417,643,680,4794,FAFocus,GRANDMASTER,715
459,229,278,680,4816,역잔,GRANDMASTER,304
460,387,1284,679,4572,BRB갱남,GRANDMASTER,1308
461,377,267,678,4854,고춧가루짜장면,GRANDMASTER,316
462,197,416,677,4022,수고했다시간의숲,GRANDMASTER,455
463,152,538,676,3839,탑나라룰루공주,GRANDMASTER,598
464,176,359,676,4570,아라면,GRANDMASTER,419
465,73,189,676,16,교잘도,GRANDMASTER,307
466,115,112,676,4450,세베프,GRANDMASTER,168
467,400,1393,674,4223,떠돌이아이,GRANDMASTER,1423
468,66,191,674,4533,aozhizhuiliezhe,GRANDMASTER,272
469,84,193,674,4781,달카,GRANDMASTER,266
470,198,600,673,3221,NoPatience,GRANDMASTER,637
471,501,1245,672,4832,위기를또다른기회,GRANDMASTER,1241
472,493,1053,671,4760,달성서씨서예성,GRANDMASTER,1085
473,173,877,671,4638,SAUC,GRANDMASTER,926
474,272,174,670,1167,나는개선할것이다,GRANDMASTER,246
475,424,594,669,4568,질듯,GRANDMASTER,637
476,60,115,669,4795,BossBaby2,GRANDMASTER,207
477,356,1448,668,4764,purplepurple1,GRANDMASTER,1457
478,321,470,667,4151,FALonely,GRANDMASTER,507
479,56,133,667,4073,ZJLTTKX,GRANDMASTER,220
480,184,444,666,4666,베인장인요맨,GRANDMASTER,494
481,169,405,666,7,wuwuwubiemawo,GRANDMASTER,449
482,345,339,666,4492,whymesodiao,GRANDMASTER,378
483,208,362,666,4568,엘리멘트미스틱,GRANDMASTER,378
484,261,243,666,3478,apdlvmftmxhfl,GRANDMASTER,281
485,288,966,665,502,milaoshu,GRANDMASTER,1004
486,367,790,665,4659,Popular0,GRANDMASTER,831
487,119,316,665,7,이문세옛사랑,GRANDMASTER,362
488,69,262,664,23,SHERNF1RE,GRANDMASTER,303
489,163,271,663,4379,앱븐이와되지,GRANDMASTER,320
490,98,280,663,4787,2020LYAS08,GRANDMASTER,310
491,311,235,663,4653,IIrrooGG,GRANDMASTER,267
492,215,843,661,4631,불독좋아,GRANDMASTER,871
493,112,475,661,6,Giveaname,GRANDMASTER,567
494,93,449,661,20,yanyumengmeng1,GRANDMASTER,564
495,66,209,661,4832,IGz1498187796,GRANDMASTER,307
496,457,742,659,3839,ROKA큐베,GRANDMASTER,773
497,233,433,659,719,엉덩국갱승제로,GRANDMASTER,442
498,260,578,658,11,Roach,GRANDMASTER,621
499,190,399,657,4086,펜니르분신,GRANDMASTER,486
500,356,634,656,4561,HUYATVSpoon,GRANDMASTER,679
501,62,184,656,7,babyye,GRANDMASTER,289
502,607,1199,654,4568,DYNDnDn,GRANDMASTER,1248
503,160,981,654,1114,sdasfdfghj,GRANDMASTER,999
504,149,796,654,29,fanqieguo,GRANDMASTER,871
505,67,159,653,4655,Specialfocus,GRANDMASTER,263
506,46,98,651,29,유환중학교,GRANDMASTER,132
507,53,103,648,4758,77GameGOO,GRANDMASTER,202
508,432,243,647,29,원딜은무기력하다,GRANDMASTER,315
509,349,849,646,847,SANDBOXLeo,GRANDMASTER,871
510,156,606,645,3018,PushMidDiveBot,GRANDMASTER,645
511,488,1182,644,1590,ShadowSwamp,GRANDMASTER,1270
512,388,1706,641,3233,존시나의전신화보,GRANDMASTER,1732
513,565,1520,641,4802,blyh,GRANDMASTER,1588
514,199,1191,641,3542,AmandaAvaKoci,GRANDMASTER,1217
515,266,526,641,1387,내일이안온다면,GRANDMASTER,572
516,393,710,640,1594,함알,GRANDMASTER,751
517,104,496,640,25,zzbb2,GRANDMASTER,551
518,190,273,640,3840,CharmantPoro,GRANDMASTER,421
519,290,331,640,3839,HappyCats,GRANDMASTER,387
520,395,988,639,4786,kfo,GRANDMASTER,1035
521,55,116,636,4783,Maile1,GRANDMASTER,208
522,143,809,635,4842,화내지마1,GRANDMASTER,859
523,456,730,634,4025,GenGClid,GRANDMASTER,782
524,57,137,632,4832,toxicccc,GRANDMASTER,187
525,561,1564,631,4831,BRB로머,GRANDMASTER,1603
526,301,1106,631,4413,zheduibai,GRANDMASTER,1132
527,73,243,631,776,살퀸레,GRANDMASTER,357
528,84,251,631,4832,xiva,GRANDMASTER,294
529,387,729,628,4156,다시일어낭,GRANDMASTER,785
530,249,1472,627,4659,leileixiaozhu,GRANDMASTER,1527
531,140,738,627,2074,Plume777,GRANDMASTER,846
532,445,688,627,4764,안녕맬,GRANDMASTER,725
533,381,304,625,576,포스텍19오승준,GRANDMASTER,355
534,287,304,625,4695,IgNar,GRANDMASTER,337
535,162,931,618,4535,Haithegioi,GRANDMASTER,945
536,55,138,618,29,블미,GRANDMASTER,207
537,407,794,616,3,킹갓황샘,GRANDMASTER,839
538,190,330,616,4661,DutchCoffee,GRANDMASTER,393
539,158,668,615,4639,Badad,GRANDMASTER,744
540,142,496,615,3890,DGAThanatos,GRANDMASTER,663
541,99,386,614,4405,boom1igei,GRANDMASTER,444
542,438,862,613,23,도법이자연스럽다,GRANDMASTER,892
543,318,461,613,4295,Lehends,GRANDMASTER,512
544,249,1076,612,4832,혼자만의시간1,GRANDMASTER,1104
545,342,649,612,3229,1liiLlili1iilI,GRANDMASTER,680
546,100,439,611,4655,Joyzzz,GRANDMASTER,519
547,203,1149,610,3459,EDGJUNJIA,GRANDMASTER,1220
548,205,522,610,4244,나는매우슬프다,GRANDMASTER,543
549,115,183,610,4379,달인카직스,GRANDMASTER,193
550,144,836,609,4783,chidaodebianjing,GRANDMASTER,936
551,121,538,609,4838,xxxss,GRANDMASTER,583
552,108,551,608,4832,BlackrAbb1t,GRANDMASTER,595
553,488,534,608,4561,미도리야이채환,GRANDMASTER,584
554,74,272,608,29,samDzz,GRANDMASTER,305
555,261,936,607,4086,BRB루카럭스,GRANDMASTER,982
556,89,185,607,7,sksmsdnjself,GRANDMASTER,204
557,406,1497,605,4418,gbzj,GRANDMASTER,1473
558,351,872,604,4537,jggamezz,GRANDMASTER,904
559,538,570,604,3587,재상재어질현,GRANDMASTER,606
560,233,596,603,4379,qiaqia,GRANDMASTER,638
561,392,579,603,1439,XiaoHuaSheng7,GRANDMASTER,623
562,501,399,603,4568,쪼꼬맹이딸기,GRANDMASTER,436
563,382,367,603,4845,어느새17살,GRANDMASTER,414
564,374,1997,601,4057,GenGQuid,GRANDMASTER,2056
565,92,447,601,3840,nnnnnnmmm,GRANDMASTER,486
566,570,1616,600,4418,FAgyuvee,GRANDMASTER,1621
567,199,1236,598,4762,akdlsemrhclrl,GRANDMASTER,1346
568,135,134,598,4691,피들권위자,GRANDMASTER,180
569,87,189,596,4749,Atlantean,GRANDMASTER,231
570,69,222,595,4781,Senow,GRANDMASTER,334
571,120,208,595,904,jug242,GRANDMASTER,260
572,288,169,595,3633,windwindwindwind,GRANDMASTER,210
573,239,1310,593,4843,DYNBlessing,GRANDMASTER,1373
574,192,1149,592,4568,Limpid123,GRANDMASTER,1167
575,227,1053,592,4763,백색말처럼,GRANDMASTER,1070
576,460,1386,590,4832,Maolilan,GRANDMASTER,1436
577,314,1031,589,4796,m0wgli,GRANDMASTER,1049
578,299,334,589,3478,vvvvvvvvvvvvwv,GRANDMASTER,384
579,72,157,589,1099,unemployeed,GRANDMASTER,209
580,135,771,588,4550,병원친구,GRANDMASTER,844
581,356,1106,587,577,닉네임잃은몽디짱,GRANDMASTER,1134
582,118,614,586,23,cautiousmid,GRANDMASTER,711
583,233,223,585,4225,깨기싫은꿈,GRANDMASTER,258
584,99,460,584,3378,거거가리아,GRANDMASTER,505
585,89,248,584,4707,Passive,GRANDMASTER,359
586,268,1562,582,3159,zzbb,GRANDMASTER,1582
587,439,800,580,4833,하한결,GRANDMASTER,820
588,159,832,579,3686,HLEBaut,GRANDMASTER,872
589,122,510,578,4853,당신이나잘하세요,GRANDMASTER,577
590,168,1085,577,4655,buhaowan,GRANDMASTER,1109
591,131,422,577,4576,maerd1,GRANDMASTER,464
592,571,1151,576,682,애디는못말려,GRANDMASTER,1177
593,207,749,576,4570,HUYATVWooJu,GRANDMASTER,795
594,121,585,576,4379,hangxiao,GRANDMASTER,649
595,183,200,576,3,은가뉴,GRANDMASTER,240
596,183,253,575,6,SsKxKzkzzbb,GRANDMASTER,287
597,422,899,573,4779,432423423412312,GRANDMASTER,933
598,70,238,572,4763,FAScarlet,GRANDMASTER,330
599,221,1126,571,22,SeIma,GRANDMASTER,1164
600,372,580,570,4533,52791553,GRANDMASTER,604
601,243,534,568,4782,준탱이528,GRANDMASTER,555
602,136,394,568,3380,언니우기,GRANDMASTER,462
603,73,278,568,4793,XiaoYueJiOVO,GRANDMASTER,368
604,62,187,566,4641,황포강을뛰다,GRANDMASTER,287
605,155,97,566,7,특수교육전공,GRANDMASTER,181
606,170,612,565,7,persistently,GRANDMASTER,669
607,387,881,563,4783,huntiand1,GRANDMASTER,922
608,98,308,563,1666,adwlad,GRANDMASTER,374
609,173,235,563,4645,Kanavi,GRANDMASTER,261
610,163,329,561,4402,그러건아말건아,GRANDMASTER,373
611,134,674,560,7,백훈,GRANDMASTER,779
612,120,641,560,4832,qwqqwqwqwqw,GRANDMASTER,689
613,126,444,560,13,갱붕이,GRANDMASTER,501
614,272,128,560,4635,주말엔쿠키와산책,GRANDMASTER,172
615,349,1410,559,4787,리그오브래전드ll,GRANDMASTER,1440
616,267,421,559,4762,쌍수도,GRANDMASTER,475
617,63,168,559,1161,Xiasumao,GRANDMASTER,242
618,109,561,558,7,YOLIWW,GRANDMASTER,652
619,168,182,558,4363,압도적인,GRANDMASTER,192
620,142,524,557,4379,Ifyouholdfist,GRANDMASTER,673
621,77,284,557,29,나뭇잎먹기,GRANDMASTER,334
622,465,174,557,4835,바멍찐,GRANDMASTER,310
623,95,362,555,4781,LastSunnnner,GRANDMASTER,426
624,125,306,554,4816,익스큐즈,GRANDMASTER,355
625,223,892,553,4654,Siafans,GRANDMASTER,929
626,89,277,553,4497,회광반조1,GRANDMASTER,332
627,152,869,552,4578,leveluppp,GRANDMASTER,913
628,285,466,551,2072,3xky,GRANDMASTER,475
629,294,1166,550,4655,LunaLina,GRANDMASTER,1195
630,495,865,549,3019,수고했다헤이스트,GRANDMASTER,911
631,188,382,548,4761,창작은괴로워,GRANDMASTER,432
632,236,401,548,4835,Daaaaaamuzi,GRANDMASTER,429
633,153,216,548,23,Ucal,GRANDMASTER,259
634,139,778,547,4782,운이나쁘다1,GRANDMASTER,835
635,99,447,547,4832,저를탓하지마세요,GRANDMASTER,533
636,422,496,547,4644,GenGRuler,GRANDMASTER,525
637,228,384,547,1142,StephanFelix2,GRANDMASTER,418
638,130,267,547,4707,Fredie,GRANDMASTER,415
639,143,353,547,4653,OSo1eMio,GRANDMASTER,396
640,547,955,544,4405,AweBBakPyo,GRANDMASTER,961
641,169,582,543,3379,HUYATVJin,GRANDMASTER,690
642,167,556,543,7,blitzkriegBop,GRANDMASTER,583
643,61,128,543,3542,nunu2000,GRANDMASTER,214
644,168,103,543,7,GenGBdd,GRANDMASTER,145
645,372,1062,542,3367,DRXBecca,GRANDMASTER,1039
646,133,681,542,3018,kuyami,GRANDMASTER,773
647,177,1148,541,4858,Thezjj,GRANDMASTER,1273
648,307,451,541,4027,귀여운현우,GRANDMASTER,500
649,448,1063,540,4693,빌었어1,GRANDMASTER,1100
650,170,107,540,4793,꽂임,GRANDMASTER,243
651,204,1147,539,4763,좀혁,GRANDMASTER,1176
652,128,696,538,1630,tiandaochouqin,GRANDMASTER,803
653,122,455,537,4787,YeQiuFeng,GRANDMASTER,554
654,123,132,537,3175,풍월량머독침착맨,GRANDMASTER,177
655,157,83,537,4652,16xyz,GRANDMASTER,123
656,214,557,536,4816,DRXConus,GRANDMASTER,590
657,222,942,535,4832,zl존다크각성모드,GRANDMASTER,940
658,148,793,535,4516,zhongmenduiju,GRANDMASTER,834
659,137,667,535,4779,GimmeThatMoney,GRANDMASTER,714
660,105,333,535,4784,지도를보지않다,GRANDMASTER,371
661,241,308,535,4100,레몬불구름,GRANDMASTER,344
662,119,190,535,4791,chodding3,GRANDMASTER,244
663,211,515,534,3889,75423568,GRANDMASTER,547
664,309,434,534,3902,zpxzpx,GRANDMASTER,467
665,159,304,534,4832,plzdosomething,GRANDMASTER,365
666,203,983,533,4832,아이슬란드로가다,GRANDMASTER,1035
667,136,637,533,4832,HUYATVOsu,GRANDMASTER,735
668,88,401,533,4764,청춘의막을내리,GRANDMASTER,494
669,133,314,532,10,FABud,GRANDMASTER,356
670,246,262,530,4631,HLEyoHan,GRANDMASTER,261
671,443,976,529,4416,엉민이에오,GRANDMASTER,1028
672,364,946,529,4353,Ar1a,GRANDMASTER,953
673,212,296,528,4568,FallGuy,GRANDMASTER,342
674,276,365,527,3158,Ktune,GRANDMASTER,408
675,410,305,527,4779,돌아온왕비,GRANDMASTER,322
676,466,1302,526,4762,크라다스,GRANDMASTER,1343
677,105,383,526,4492,잘모르겠어용,GRANDMASTER,469
678,52,99,524,939,Drku,GRANDMASTER,192
679,116,607,523,1297,happygame000,GRANDMASTER,694
680,282,381,523,4353,정글여,GRANDMASTER,431
681,80,339,523,4755,Erikuro22,GRANDMASTER,429
682,94,309,523,4765,Rise,GRANDMASTER,398
683,285,294,523,4779,어쩌라고핑찍지마,GRANDMASTER,329
684,62,145,523,4786,쏘대장바나나차차,GRANDMASTER,240
685,399,1167,522,4780,엔터키를빼고게임,GRANDMASTER,1190
686,204,1084,522,4832,wumingzhizu,GRANDMASTER,1104
687,392,660,522,20,XXXTENTACION,GRANDMASTER,662
688,526,468,522,1625,테디봇1호,GRANDMASTER,504
689,267,382,522,4834,PluTo777,GRANDMASTER,403
690,130,744,521,4568,suzack,GRANDMASTER,843
691,185,657,521,4781,짱돌이즈,GRANDMASTER,704
692,144,530,521,4661,췌장을먹고시퍼,GRANDMASTER,630
693,54,122,521,7,98kgame70,GRANDMASTER,200
694,287,596,519,4653,Dlvvlgold,GRANDMASTER,633
695,222,355,519,4568,kkkkk11,GRANDMASTER,392
696,252,248,519,22,도전자도전하는자,GRANDMASTER,281
697,173,656,518,4661,laizishenyuan,GRANDMASTER,706
698,166,542,518,4817,못할때도있지,GRANDMASTER,648
699,110,266,518,4690,만렙케넨,GRANDMASTER,311
700,142,95,518,6,진순민초부먹,GRANDMASTER,171
701,56,157,517,4786,asdfghjklznqwe,GRANDMASTER,192
702,149,890,516,4793,Aibbly,GRANDMASTER,964
703,90,403,516,3460,bangwoxia,GRANDMASTER,496
704,183,368,516,7,뀨자룡,GRANDMASTER,396
705,440,1003,515,20,HUYATVSPARKLE,GRANDMASTER,1038
706,124,635,515,4833,1kong,GRANDMASTER,722
707,119,589,515,4832,T08T08,GRANDMASTER,655
708,297,1083,514,4640,서도일2,GRANDMASTER,1123
709,150,897,514,4756,ovooovo00,GRANDMASTER,918
710,185,616,513,4562,최이준민,GRANDMASTER,696
711,210,740,512,0,충주갱수,GRANDMASTER,788
712,378,673,512,6,Hideonbush,GRANDMASTER,700
713,103,484,512,29,UECA2,GRANDMASTER,528
714,386,1114,511,4,XNickHoo,GRANDMASTER,1150
715,114,487,511,4779,boomIigei,GRANDMASTER,529
716,84,403,511,4779,boomligei,GRANDMASTER,445
717,155,249,511,4787,midkinggyu,GRANDMASTER,320
718,102,257,511,23,ZAQLO1,GRANDMASTER,313
719,137,789,510,4069,IGzhao1749193239,GRANDMASTER,884
720,135,649,510,4552,4AMMaybe,GRANDMASTER,750
721,318,493,510,4841,AFMapSSi,GRANDMASTER,527
722,288,769,509,4213,noobpickgoff,GRANDMASTER,759
723,47,65,509,23,귀엽고매혹적이다,GRANDMASTER,157
724,303,1109,508,4803,LaP1s,GRANDMASTER,1147
725,196,123,508,4777,Heimishkingmono,GRANDMASTER,169
726,187,510,507,4802,끼인세대,GRANDMASTER,539
727,85,365,507,3838,fengdeyanse,GRANDMASTER,467
728,95,371,507,4690,chixiaoyubaby,GRANDMASTER,466
729,145,694,506,4411,코너스빵셔틀,GRANDMASTER,799
730,188,450,506,7,초보강아지,GRANDMASTER,523
731,288,397,505,3379,려창동,GRANDMASTER,438
732,378,190,504,4661,JunB,GRANDMASTER,220
733,224,114,504,4491,Diuqil,GRANDMASTER,142
734,124,449,503,4036,NeedChange,GRANDMASTER,498
735,103,524,502,29,XinMo2,GRANDMASTER,582
736,224,407,502,4018,weatheri,GRANDMASTER,431
737,301,1245,500,3797,XKZXZKZX,GRANDMASTER,1307
738,489,796,500,4832,hadess,GRANDMASTER,813
739,119,591,499,4660,Keqing,GRANDMASTER,625
740,332,389,499,4095,KimSangHoon,GRANDMASTER,395
741,72,144,498,4491,haburu9,GRANDMASTER,192
742,126,613,496,1388,버섯아가,GRANDMASTER,724
743,130,596,495,4764,03Gamin,GRANDMASTER,706
744,60,142,495,4690,건들면누누로던짐,GRANDMASTER,243
745,147,80,495,4568,흐림,GRANDMASTER,110
746,165,1049,494,4832,SEKAIICHI,GRANDMASTER,1104
747,358,1139,493,4832,cutemiao,GRANDMASTER,1143
748,165,887,493,4,404mobsharenfan,GRANDMASTER,982
749,147,529,493,20,릴솔리드,GRANDMASTER,575
750,83,278,493,1597,김정섹,GRANDMASTER,376
751,383,899,492,4762,HUYATVRamca,GRANDMASTER,923
752,293,804,492,20,양여명,GRANDMASTER,805
753,89,344,492,4783,faprep,GRANDMASTER,407
754,212,288,492,4417,외도,GRANDMASTER,354
755,252,186,492,4631,수고했다이야공,GRANDMASTER,223
756,420,156,492,3353,BattIeQueenKata,GRANDMASTER,138
757,186,319,491,22,내가강만식,GRANDMASTER,317
758,245,114,491,4107,ZOEKlNG,GRANDMASTER,163
759,231,599,490,4025,SanspareiI,GRANDMASTER,645
760,351,163,490,4786,roTlqkf,GRANDMASTER,198
761,147,680,489,3879,BRB정훈,GRANDMASTER,680
762,153,872,488,4568,성계차이,GRANDMASTER,966
763,174,220,488,7,ThreshOnly,GRANDMASTER,260
764,219,257,486,3233,175050,GRANDMASTER,291
765,75,152,486,3150,flovverdance,GRANDMASTER,193
766,382,822,485,3478,Mocha,GRANDMASTER,848
767,348,478,485,4828,I백년언약I,GRANDMASTER,523
768,69,49,485,4779,TESzhaoAD9375639,GRANDMASTER,126
769,245,1126,484,4795,smilingzyq,GRANDMASTER,1150
770,102,464,482,4759,난아직할수있어,GRANDMASTER,555
771,317,94,482,4355,NYGChungSin,GRANDMASTER,170
772,199,977,481,3864,crowncrowncrown1,GRANDMASTER,986
773,154,808,481,4783,1게임1분석,GRANDMASTER,878
774,163,709,479,552,TrustMyseIf,GRANDMASTER,808
775,228,344,479,16,PhasedKiller,GRANDMASTER,368
776,469,1179,478,4393,Tangwagege,GRANDMASTER,1210
777,450,1097,478,1152,Karasss,GRANDMASTER,1139
778,190,146,478,4816,CitrusReticulata,GRANDMASTER,299
779,238,170,478,4663,불다이아,GRANDMASTER,163
780,447,1081,477,4558,ANGTV,GRANDMASTER,1107
781,187,747,477,4626,mindie,GRANDMASTER,794
782,236,402,476,3522,yangyuXD,GRANDMASTER,449
783,241,930,474,4557,야빙밍,GRANDMASTER,1016
784,108,357,474,4568,ShadowBRB,GRANDMASTER,421
785,78,303,474,29,jajaaaangmun,GRANDMASTER,371
786,315,1254,472,3804,심심풀이여신,GRANDMASTER,1279
787,320,256,472,1625,작은모래성,GRANDMASTER,287
788,522,1095,471,4816,연세대표미드,GRANDMASTER,1123
789,377,902,471,4832,TBPApolo,GRANDMASTER,939
790,503,1148,470,3155,생수하는원이,GRANDMASTER,1177
791,186,663,470,4783,EawqaaAOVO,GRANDMASTER,692
792,171,269,470,933,DaYE,GRANDMASTER,333
793,121,598,469,4655,lxc0o0,GRANDMASTER,736
794,167,770,468,4589,tiancaipaidaxing,GRANDMASTER,793
795,193,671,468,4659,에스카노르킹,GRANDMASTER,698
796,443,331,468,4555,사나운족제비,GRANDMASTER,362
797,270,674,467,4,PcPcc,GRANDMASTER,692
798,63,151,467,4568,정노폐,GRANDMASTER,177
799,201,591,466,7,Bellwest,GRANDMASTER,639
800,189,416,466,4804,GenGLospa,GRANDMASTER,459
801,164,424,466,4568,KanaGL,GRANDMASTER,457
802,255,373,466,985,너왜우럭,GRANDMASTER,401
803,257,1594,464,13,a1da2d,GRANDMASTER,1615
804,313,407,464,4816,대야웰백,GRANDMASTER,440
805,179,915,462,4653,행운게임,GRANDMASTER,937
806,237,663,462,22,시간소비중,GRANDMASTER,690
807,134,608,462,4845,현솔,GRANDMASTER,683
808,364,661,462,3533,견백,GRANDMASTER,644
809,286,364,462,4832,엔도르시자하드,GRANDMASTER,378
810,384,1126,461,8,skyneversneer,GRANDMASTER,1144
811,426,861,461,3859,홈런볼다내꺼,GRANDMASTER,856
812,347,372,461,3157,탸릭,GRANDMASTER,404
813,287,1149,460,7,baijiazi,GRANDMASTER,1177
814,321,912,460,4800,jiangyunsheng,GRANDMASTER,944
815,168,876,460,4379,야유야유회,GRANDMASTER,904
816,65,207,460,4762,FKU선에디,GRANDMASTER,316
817,159,155,459,933,Bvvoy,GRANDMASTER,200
818,187,86,459,4499,쌈땀,GRANDMASTER,164
819,113,385,458,4816,코취,GRANDMASTER,542
820,177,212,458,1157,후리지아꽃향기,GRANDMASTER,246
821,317,652,457,4749,나라카일,GRANDMASTER,684
822,114,608,457,4576,youxin,GRANDMASTER,679
823,114,431,457,1113,HUYATVahun,GRANDMASTER,481
824,145,196,457,7,bowstring,GRANDMASTER,231
825,145,878,456,4666,lfffff,GRANDMASTER,987
826,257,640,456,4562,urcarol,GRANDMASTER,656
827,143,583,456,4690,Canyong,GRANDMASTER,625
828,93,272,456,4590,예멘모카마타리,GRANDMASTER,408
829,215,64,456,7,운삼기칠,GRANDMASTER,114
830,137,456,455,21,Sup2020,GRANDMASTER,486
831,149,622,454,7,haichao,GRANDMASTER,639
832,117,391,454,4498,qiangwen,GRANDMASTER,444
833,139,385,454,4412,URGOLD,GRANDMASTER,436
834,434,243,454,1630,혜민모찌,GRANDMASTER,330
835,62,167,454,4816,yiburongci,GRANDMASTER,251
836,293,851,452,3165,OCD1,GRANDMASTER,872
837,242,444,452,13,이족보행돼지탱크,GRANDMASTER,487
838,123,464,451,4568,qyio2,GRANDMASTER,545
839,231,318,451,4295,에이핑크,GRANDMASTER,351
840,284,191,451,4842,킬리언머핀,GRANDMASTER,247
841,158,726,450,4019,zbybz,GRANDMASTER,857
842,431,717,450,4561,쟝삐에르마뉘엘,GRANDMASTER,752
843,318,644,449,1160,쉔드백,GRANDMASTER,685
844,369,376,449,3866,이탈리야전문점,GRANDMASTER,428
845,123,608,448,4781,kekekekekkkaaa,GRANDMASTER,703
846,187,469,448,4025,iammmmmmm17,GRANDMASTER,520
847,122,262,448,4568,1wancibeishang,GRANDMASTER,291
848,317,129,448,4857,고종,GRANDMASTER,213
849,145,581,447,20,LOVEGD,GRANDMASTER,615
850,249,491,447,4815,챌찍고챔프폭늘림,GRANDMASTER,525
851,176,748,446,4795,김솔킬,GRANDMASTER,862
852,73,256,446,2077,기발한그브,GRANDMASTER,337
853,135,258,446,4794,밤이깊었으면좋겠,GRANDMASTER,269
854,111,139,446,4816,새벽녘의이슬,GRANDMASTER,177
855,497,1126,445,577,BloomingLily,GRANDMASTER,1143
856,165,914,445,25,인생터진쓰레기,GRANDMASTER,998
857,382,942,445,1670,HLECheoni,GRANDMASTER,963
858,151,468,445,931,강붕스1,GRANDMASTER,499
859,233,151,445,4851,elbicnivni,GRANDMASTER,215
860,121,709,444,1115,woshinilaoba,GRANDMASTER,730
861,268,575,444,4568,BRBShadow,GRANDMASTER,609
862,179,563,444,28,금똥왁왁,GRANDMASTER,587
863,92,228,444,4816,하루만쉬고싶다,GRANDMASTER,325
864,230,163,444,3879,ZuoXiukai,GRANDMASTER,209
865,64,37,444,4065,Swalla,GRANDMASTER,122
866,256,17,444,4631,차은호,GRANDMASTER,60
867,117,651,443,4673,UsadaPekoraOuO,GRANDMASTER,672
868,206,314,443,4832,커피무새,GRANDMASTER,355
869,74,267,443,4638,lineup30min,GRANDMASTER,331
870,51,95,443,3002,Xiaoyiall,GRANDMASTER,181
871,186,1095,442,4834,SSssqwtrf,GRANDMASTER,1125
872,259,872,442,4833,Lucile,GRANDMASTER,905
873,131,721,442,4778,Yumeomiteta,GRANDMASTER,768
874,310,637,442,4816,탑팁,GRANDMASTER,659
875,143,379,442,3379,방심했어요앗,GRANDMASTER,409
876,296,308,442,4086,Keria3,GRANDMASTER,339
877,93,267,442,4568,이V,GRANDMASTER,327
878,296,252,442,4248,BeChanged,GRANDMASTER,291
879,61,139,442,23,999701801164,GRANDMASTER,218
880,119,435,441,7,Errrry,GRANDMASTER,471
881,69,213,441,10,XinMo3,GRANDMASTER,308
882,238,217,441,523,DODARI,GRANDMASTER,260
883,76,154,441,1297,방앗간호랑이,GRANDMASTER,248
884,181,159,441,4654,응애나애기경환,GRANDMASTER,203
885,529,1587,440,4022,멘잡쌰,GRANDMASTER,1563
886,275,809,440,7,빵재,GRANDMASTER,774
887,88,357,440,4832,비비보배,GRANDMASTER,471
888,223,393,440,1628,qnbz,GRANDMASTER,422
889,55,123,440,29,불타오르는강철,GRANDMASTER,210
890,491,570,439,4851,아이타이,GRANDMASTER,579
891,97,387,439,7,Shimamura,GRANDMASTER,477
892,174,246,439,4816,포항참치박정훈,GRANDMASTER,287
893,315,729,438,1296,Hamblanc,GRANDMASTER,786
894,80,275,438,4666,gkatjrgs,GRANDMASTER,359
895,246,240,438,1298,나랑랑이,GRANDMASTER,271
896,98,222,438,4786,스눈아,GRANDMASTER,250
897,297,470,437,3160,김떡순,GRANDMASTER,509
898,180,306,437,4816,전설의기전세님,GRANDMASTER,352
899,132,185,437,4492,군밤갑,GRANDMASTER,216
900,615,1349,436,4535,츠치,GRANDMASTER,1332
901,377,1172,436,4834,bulago,GRANDMASTER,1205
902,312,544,436,1113,해강고원딜,GRANDMASTER,552
903,183,446,436,4783,HOR0,GRANDMASTER,495
904,91,302,436,1453,자르반74자세,GRANDMASTER,390
905,74,173,436,4500,미연이노예,GRANDMASTER,283
906,187,86,436,3367,붉은여왕효과,GRANDMASTER,179
907,44,76,436,23,TegridyFarms,GRANDMASTER,122
908,171,649,435,4784,Schatzziiguqingc,GRANDMASTER,698
909,107,498,435,4787,midkinggyu1,GRANDMASTER,590
910,338,440,435,4550,쌍둥이그림자모험,GRANDMASTER,466
911,76,296,435,3591,zcvxcx,GRANDMASTER,386
912,197,265,435,7,어른이된다는게,GRANDMASTER,300
913,62,99,435,4535,Pikachu,GRANDMASTER,161
914,163,603,434,23,전이콜,GRANDMASTER,724
915,111,408,434,4681,니가뭔데나를판단,GRANDMASTER,482
916,75,183,434,3839,김병준수,GRANDMASTER,265
917,234,130,434,3790,Maze98,GRANDMASTER,217
918,206,345,433,4572,참된서폿은무슨,GRANDMASTER,469
919,234,460,433,4783,쿠붕이,GRANDMASTER,456
920,241,238,433,4849,보흰,GRANDMASTER,288
921,303,106,433,3791,고수님,GRANDMASTER,194
922,449,353,432,4847,Excuse,GRANDMASTER,380
923,291,336,432,7,Calmdownwin,GRANDMASTER,363
924,169,727,431,685,연패후연승,GRANDMASTER,796
925,140,557,431,10,20040320,GRANDMASTER,609
926,108,356,431,4832,메메메메두사,GRANDMASTER,400
927,350,159,431,4555,권예솔,GRANDMASTER,233
928,55,49,431,4786,크리스마스,GRANDMASTER,98
929,451,66,430,1391,빛기연,GRANDMASTER,139
930,375,535,429,4471,외쳐주유소갓라카,GRANDMASTER,561
931,324,489,429,4832,DWGGhost,GRANDMASTER,525
932,120,416,429,1114,재서냥,GRANDMASTER,515
933,67,190,429,4832,Palau,GRANDMASTER,280
934,64,237,429,20,yaobukejidemeng,GRANDMASTER,269
935,69,151,429,4834,장임박,GRANDMASTER,243
936,454,199,429,1451,Coolp1s,GRANDMASTER,236
937,64,146,429,29,어린아이,GRANDMASTER,235
938,70,112,429,4630,자프키엘,GRANDMASTER,219
939,105,69,429,7,인간오십년,GRANDMASTER,107
940,191,452,428,588,빵속에순우유,GRANDMASTER,516
941,233,390,428,4654,ILoveRilli,GRANDMASTER,416
942,231,168,428,4780,Honey0908,GRANDMASTER,206
943,217,1447,427,7,qweradsf,GRANDMASTER,1564
944,249,1110,427,502,ADGGAAAPP,GRANDMASTER,1180
945,282,496,427,0,BAY헌터,GRANDMASTER,524
946,123,371,426,4497,AFBuLLDoG,GRANDMASTER,472
947,339,737,418,4835,Verit4s,GRANDMASTER,758
948,256,1546,406,3862,AweINT,GRANDMASTER,1556
949,483,586,401,4804,GenGFlawless,GRANDMASTER,611
950,143,224,389,4660,happygame24,GRANDMASTER,269
951,110,412,386,4835,Platzman,GRANDMASTER,492
952,457,1570,380,4653,Roca04,GRANDMASTER,1581
953,409,1323,370,4655,혼자두면돌연사함,GRANDMASTER,1351
954,69,202,481,22,liiiIlIIIlili,MASTER,263
955,499,1334,466,4036,wannaberookie,MASTER,1350
956,473,1536,463,27,cqpo,MASTER,1580
957,236,561,458,4650,블루맛만보자,MASTER,571
958,111,333,454,4832,Seo1i,MASTER,437
959,579,1361,449,1441,난너의서포터,MASTER,1420
960,217,1046,441,4783,하정콩,MASTER,1156
961,595,1467,437,4568,SANDBOXTolanD,MASTER,1447
962,249,518,437,3804,뽀정원,MASTER,551
963,147,821,435,4653,yiwancibeishang,MASTER,844
964,71,223,433,4631,신상공원,MASTER,309
965,375,1048,429,4832,오근혁5,MASTER,1067
966,137,744,429,29,Walkinsilence,MASTER,779
967,146,735,427,4757,Freecssr,MASTER,774
968,276,182,427,4816,CCRGB,MASTER,198
969,66,61,427,4020,말랑말랑솜방망이,MASTER,167
970,129,425,426,3797,dxkcvkfdf,MASTER,464
971,237,315,426,4816,안녕나는김꼬북,MASTER,353
972,74,229,426,29,aPain,MASTER,324
973,76,221,426,4559,레전드게스트짱구,MASTER,305
974,171,208,426,4779,옘뱅,MASTER,243
975,159,192,425,4363,한봄1,MASTER,227
976,202,614,424,7,AweNatu,MASTER,630
977,376,487,424,4838,Caesar1,MASTER,518
978,168,129,424,4427,세르델YouTube,MASTER,165
979,215,1205,423,4795,jujujujujujujuzi,MASTER,1236
980,522,567,423,29,김구거,MASTER,593
981,417,484,423,3494,Hinu,MASTER,526
982,86,370,423,4661,kinaaaa,MASTER,463
983,308,368,423,591,hwaljjak,MASTER,421
984,327,348,422,4407,ADJiayo,MASTER,379
985,86,340,422,4652,초바모자,MASTER,377
986,276,120,422,4086,나는탑만가,MASTER,159
987,258,1311,421,4568,EC1996,MASTER,1372
988,170,845,421,4783,시간이천천히흘러,MASTER,875
989,67,192,421,4785,98kqingxunaw,MASTER,299
990,54,116,421,7,xiyingqwq,MASTER,199
991,216,1022,419,6,SDXmid1046119298,MASTER,1054
992,120,281,419,4355,Lastvvinter,MASTER,319
993,110,430,418,4834,lIlIlIllIllIll,MASTER,514
994,411,564,417,4759,PoBidau,MASTER,588
995,123,456,417,4832,PA2CO,MASTER,517
996,289,375,417,1114,알파몽,MASTER,413
997,75,302,417,4842,liyunlong1,MASTER,344
998,82,236,417,4763,생명말살자,MASTER,334
999,272,770,416,4787,GudaoXhow,MASTER,792
1000,157,634,416,4661,Co24,MASTER,671
